header {
  stamp {
    sec: 62
    nsec: 450000000
  }
  data {
    key: "frame_id"
    value: "vehicle_blue/odom"
  }
  data {
    key: "child_frame_id"
    value: "vehicle_blue/chassis"
  }
}
pose {
  position {
    x: 8.7669796875790928e-18
    y: -5.35737731611305e-35
  }
  orientation {
    z: -6.1400354238225806e-18
    w: 1
  }
}
twist {
  linear {
    x: 6.5223629428309278e-20
  }
  angular {
    z: -2.2562057053089469e-19
  }
}

header {
  stamp {
    sec: 62
    nsec: 500000000
  }
  data {
    key: "frame_id"
    value: "vehicle_blue/odom"
  }
  data {
    key: "child_frame_id"
    value: "vehicle_blue/chassis"
  }
}
pose {
  position {
    x: 8.7811096657687125e-18
    y: -5.3747348962756746e-35
  }
  orientation {
    z: -6.1440076579257239e-18
    w: 1
  }
}
twist {
  linear {
    x: 2.4046413137539124e-19
  }
  angular {
    z: -2.1023546104133021e-19
  }
}

header {
  stamp {
    sec: 62
    nsec: 550000000
  }
  data {
    key: "frame_id"
    value: "vehicle_blue/odom"
  }
  data {
    key: "child_frame_id"
    value: "vehicle_blue/chassis"
  }
}
pose {
  position {
    x: 8.7845956919515659e-18
    y: -5.3790189779007912e-35
  }
  orientation {
    z: -6.1476799206047358e-18
    w: 1
  }
}
twist {
  linear {
    x: 1.5855086617255824e-19
  }
  angular {
    z: -1.8393611785097706e-19
  }
}

header {
  stamp {
    sec: 62
    nsec: 600000000
  }
  data {
    key: "frame_id"
    value: "vehicle_blue/odom"
  }
  data {
    key: "child_frame_id"
    value: "vehicle_blue/chassis"
  }
}
pose {
  position {
    x: 8.7926990617355071e-18
    y: -5.3889850878593754e-35
  }
  orientation {
    z: -6.1516389735775823e-18
    w: 1
  }
}
twist {
  linear {
    x: 1.2521867577270359e-20
  }
  angular {
    z: -2.606806590450805e-19
  }
}

header {
  stamp {
    sec: 62
    nsec: 650000000
  }
  data {
    key: "frame_id"
    value: "vehicle_blue/odom"
  }
  data {
    key: "child_frame_id"
    value: "vehicle_blue/chassis"
  }
}
pose {
  position {
    x: 8.7988120060306645e-18
    y: -5.39650912981317e-35
  }
  orientation {
    z: -6.1549983076800107e-18
    w: 1
  }
}
twist {
  linear {
    x: 2.8910185675488979e-19
  }
  angular {
    z: -5.8060622839000931e-20
  }
}

header {
  stamp {
    sec: 62
    nsec: 700000000
  }
  data {
    key: "frame_id"
    value: "vehicle_blue/odom"
  }
  data {
    key: "child_frame_id"
    value: "vehicle_blue/chassis"
  }
}
pose {
  position {
    x: 8.8043209532694661e-18
    y: -5.4032919764885514e-35
  }
  orientation {
    z: -6.1585554020673027e-18
    w: 1
  }
}
twist {
  linear {
    x: 1.6581586604300949e-19
  }
  angular {
    z: -1.5076204361042877e-19
  }
}

header {
  stamp {
    sec: 62
    nsec: 750000000
  }
  data {
    key: "frame_id"
    value: "vehicle_blue/odom"
  }
  data {
    key: "child_frame_id"
    value: "vehicle_blue/chassis"
  }
}
pose {
  position {
    x: 8.81390535378374e-18
    y: -5.4151023806424265e-35
  }
  orientation {
    z: -6.16214784566307e-18
    w: 1
  }
}
twist {
  linear {
    x: 4.2859221516077982e-19
  }
  angular {
    z: -1.3351401465527552e-19
  }
}

header {
  stamp {
    sec: 62
    nsec: 800000000
  }
  data {
    key: "frame_id"
    value: "vehicle_blue/odom"
  }
  data {
    key: "child_frame_id"
    value: "vehicle_blue/chassis"
  }
}
pose {
  position {
    x: 8.8168011577094715e-18
    y: -5.4186720243918541e-35
  }
  orientation {
    z: -6.1663920411275174e-18
    w: 1
  }
}
twist {
  linear {
    x: -4.3022154147728154e-20
  }
  angular {
    z: -1.3589426876788946e-19
  }
}

header {
  stamp {
    sec: 62
    nsec: 850000000
  }
  data {
    key: "frame_id"
    value: "vehicle_blue/odom"
  }
  data {
    key: "child_frame_id"
    value: "vehicle_blue/chassis"
  }
}
pose {
  position {
    x: 8.826341698215104e-18
    y: -5.4304435527609016e-35
  }
  orientation {
    z: -6.1705132241821824e-18
    w: 1
  }
}
twist {
  linear {
    x: 5.0542498615549781e-19
  }
  angular {
    z: -1.4290026276004826e-19
  }
}

header {
  stamp {
    sec: 62
    nsec: 900000000
  }
  data {
    key: "frame_id"
    value: "vehicle_blue/odom"
  }
  data {
    key: "child_frame_id"
    value: "vehicle_blue/chassis"
  }
}
pose {
  position {
    x: 8.8334632562972977e-18
    y: -5.4392367018358143e-35
  }
  orientation {
    z: -6.1748681756091315e-18
    w: 1
  }
}
twist {
  linear {
    x: 1.0951028896257127e-19
  }
  angular {
    z: -1.720761802861251e-19
  }
}

header {
  stamp {
    sec: 62
    nsec: 950000000
  }
  data {
    key: "frame_id"
    value: "vehicle_blue/odom"
  }
  data {
    key: "child_frame_id"
    value: "vehicle_blue/chassis"
  }
}
pose {
  position {
    x: 8.836535982393754e-18
    y: -5.4430313697157394e-35
  }
  orientation {
    z: -6.1792741895525646e-18
    w: 1
  }
}
twist {
  linear {
    x: -3.9634039995040018e-19
  }
  angular {
    z: -1.7101894694978057e-19
  }
}

header {
  stamp {
    sec: 63
  }
  data {
    key: "frame_id"
    value: "vehicle_blue/odom"
  }
  data {
    key: "child_frame_id"
    value: "vehicle_blue/chassis"
  }
}
pose {
  position {
    x: 8.839502746790345e-18
    y: -5.4466980002574431e-35
  }
  orientation {
    z: -6.1840862152356859e-18
    w: 1
  }
}
twist {
  linear {
    x: -1.9922614816754731e-19
  }
  angular {
    z: -2.1459918155057583e-19
  }
}

header {
  stamp {
    sec: 63
    nsec: 50000000
  }
  data {
    key: "frame_id"
    value: "vehicle_blue/odom"
  }
  data {
    key: "child_frame_id"
    value: "vehicle_blue/chassis"
  }
}
pose {
  position {
    x: 8.8502813681907879e-18
    y: -5.46003467019043e-35
  }
  orientation {
    z: -6.1887711668395278e-18
    w: 1
  }
}
twist {
  linear {
    x: 3.7692984332838535e-19
  }
  angular {
    z: -2.0004237074164064e-19
  }
}

header {
  stamp {
    sec: 63
    nsec: 100000000
  }
  data {
    key: "frame_id"
    value: "vehicle_blue/odom"
  }
  data {
    key: "child_frame_id"
    value: "vehicle_blue/chassis"
  }
}
pose {
  position {
    x: 8.8526320787537267e-18
    y: -5.4629453677036823e-35
  }
  orientation {
    z: -6.1933964590324617e-18
    w: 1
  }
}
twist {
  linear {
    x: -1.3300434539917163e-19
  }
  angular {
    z: -2.0460858302532934e-19
  }
}

header {
  stamp {
    sec: 63
    nsec: 150000000
  }
  data {
    key: "frame_id"
    value: "vehicle_blue/odom"
  }
  data {
    key: "child_frame_id"
    value: "vehicle_blue/chassis"
  }
}
pose {
  position {
    x: 8.8536918574617478e-18
    y: -5.4642578790820939e-35
  }
  orientation {
    z: -6.1978343760575985e-18
    w: 1
  }
}
twist {
  linear {
    x: -3.2510638569485353e-20
  }
  angular {
    z: -2.3722790218090492e-19
  }
}

header {
  stamp {
    sec: 63
    nsec: 200000000
  }
  data {
    key: "frame_id"
    value: "vehicle_blue/odom"
  }
  data {
    key: "child_frame_id"
    value: "vehicle_blue/chassis"
  }
}
pose {
  position {
    x: 8.8625222346935169e-18
    y: -5.4752078349182579e-35
  }
  orientation {
    z: -6.2010252186693622e-18
    w: 1
  }
}
twist {
  linear {
    x: 6.3942809867001179e-19
  }
  angular {
    z: -5.9139158007096124e-20
  }
}

header {
  stamp {
    sec: 63
    nsec: 250000000
  }
  data {
    key: "frame_id"
    value: "vehicle_blue/odom"
  }
  data {
    key: "child_frame_id"
    value: "vehicle_blue/chassis"
  }
}
pose {
  position {
    x: 8.87020774315575e-18
    y: -5.4847440334460375e-35
  }
  orientation {
    z: -6.2064255024191493e-18
    w: 1
  }
}
twist {
  linear {
    x: 2.87432219203177e-19
  }
  angular {
    z: -3.1088178595801924e-19
  }
}

header {
  stamp {
    sec: 63
    nsec: 300000000
  }
  data {
    key: "frame_id"
    value: "vehicle_blue/odom"
  }
  data {
    key: "child_frame_id"
    value: "vehicle_blue/chassis"
  }
}
pose {
  position {
    x: 8.8765011857766168e-18
    y: -5.49255699437548e-35
  }
  orientation {
    z: -6.2105531078536081e-18
    w: 1
  }
}
twist {
  linear {
    x: -2.691368457868339e-19
  }
  angular {
    z: -2.0777205790798754e-19
  }
}

header {
  stamp {
    sec: 63
    nsec: 350000000
  }
  data {
    key: "frame_id"
    value: "vehicle_blue/odom"
  }
  data {
    key: "child_frame_id"
    value: "vehicle_blue/chassis"
  }
}
pose {
  position {
    x: 8.8792643121570173e-18
    y: -5.4959898854525079e-35
  }
  orientation {
    z: -6.213476882816478e-18
    w: 1
  }
}
twist {
  linear {
    x: 6.4815966624983488e-20
  }
  angular {
    z: -7.9419524770308163e-20
  }
}

header {
  stamp {
    sec: 63
    nsec: 400000000
  }
  data {
    key: "frame_id"
    value: "vehicle_blue/odom"
  }
  data {
    key: "child_frame_id"
    value: "vehicle_blue/chassis"
  }
}
pose {
  position {
    x: 8.8927457642090035e-18
    y: -5.5127487089255832e-35
  }
  orientation {
    z: -6.2188799847076361e-18
    w: 1
  }
}
twist {
  linear {
    x: 1.3708072206633172e-19
  }
  angular {
    z: -2.1259996625360431e-19
  }
}

header {
  stamp {
    sec: 63
    nsec: 450000000
  }
  data {
    key: "frame_id"
    value: "vehicle_blue/odom"
  }
  data {
    key: "child_frame_id"
    value: "vehicle_blue/chassis"
  }
}
pose {
  position {
    x: 8.89016057663679e-18
    y: -5.5095333183968747e-35
  }
  orientation {
    z: -6.2224183135388417e-18
    w: 1
  }
}
twist {
  linear {
    x: 1.0296759295424131e-19
  }
  angular {
    z: -1.6748141454743193e-19
  }
}

header {
  stamp {
    sec: 63
    nsec: 500000000
  }
  data {
    key: "frame_id"
    value: "vehicle_blue/odom"
  }
  data {
    key: "child_frame_id"
    value: "vehicle_blue/chassis"
  }
}
pose {
  position {
    x: 8.8953717177981316e-18
    y: -5.5160209705450152e-35
  }
  orientation {
    z: -6.2266750699479167e-18
    w: 1
  }
}
twist {
  linear {
    x: 5.3815451511780263e-20
  }
  angular {
    z: -5.1469836437690156e-20
  }
}

header {
  stamp {
    sec: 63
    nsec: 550000000
  }
  data {
    key: "frame_id"
    value: "vehicle_blue/odom"
  }
  data {
    key: "child_frame_id"
    value: "vehicle_blue/chassis"
  }
}
pose {
  position {
    x: 8.899841080812496e-18
    y: -5.5215877233312489e-35
  }
  orientation {
    z: -6.231196804649474e-18
    w: 1
  }
}
twist {
  linear {
    x: 1.96308116357127e-20
  }
  angular {
    z: -1.6765580352156611e-19
  }
}

header {
  stamp {
    sec: 63
    nsec: 600000000
  }
  data {
    key: "frame_id"
    value: "vehicle_blue/odom"
  }
  data {
    key: "child_frame_id"
    value: "vehicle_blue/chassis"
  }
}
pose {
  position {
    x: 8.90224563295169e-18
    y: -5.5245869456564045e-35
  }
  orientation {
    z: -6.2349945074852337e-18
    w: 1
  }
}
twist {
  linear {
    x: 2.1620310228333609e-19
  }
  angular {
    z: -1.6761825874981841e-19
  }
}

header {
  stamp {
    sec: 63
    nsec: 650000000
  }
  data {
    key: "frame_id"
    value: "vehicle_blue/odom"
  }
  data {
    key: "child_frame_id"
    value: "vehicle_blue/chassis"
  }
}
pose {
  position {
    x: 8.9054604349945651e-18
    y: -5.5285960763798863e-35
  }
  orientation {
    z: -6.2399772848745028e-18
    w: 1
  }
}
twist {
  linear {
    x: 1.3016718851231425e-19
  }
  angular {
    z: -2.2865554509928768e-19
  }
}

header {
  stamp {
    sec: 63
    nsec: 700000000
  }
  data {
    key: "frame_id"
    value: "vehicle_blue/odom"
  }
  data {
    key: "child_frame_id"
    value: "vehicle_blue/chassis"
  }
}
pose {
  position {
    x: 8.9180246538371851e-18
    y: -5.5442817415919238e-35
  }
  orientation {
    z: -6.2443637233291321e-18
    w: 1
  }
}
twist {
  linear {
    x: 2.803704493661676e-19
  }
  angular {
    z: -2.0980019583702182e-19
  }
}

header {
  stamp {
    sec: 63
    nsec: 750000000
  }
  data {
    key: "frame_id"
    value: "vehicle_blue/odom"
  }
  data {
    key: "child_frame_id"
    value: "vehicle_blue/chassis"
  }
}
pose {
  position {
    x: 8.9181085788219e-18
    y: -5.5443863812103552e-35
  }
  orientation {
    z: -6.248363836948555e-18
    w: 1
  }
}
twist {
  linear {
    x: 6.2937673844078811e-20
  }
  angular {
    z: -2.7071218040290555e-19
  }
}

header {
  stamp {
    sec: 63
    nsec: 800000000
  }
  data {
    key: "frame_id"
    value: "vehicle_blue/odom"
  }
  data {
    key: "child_frame_id"
    value: "vehicle_blue/chassis"
  }
}
pose {
  position {
    x: 8.9269699130760466e-18
    y: -5.555463950166779e-35
  }
  orientation {
    z: -6.2530445099606327e-18
    w: 1
  }
}
twist {
  linear {
    x: 6.004190715016663e-20
  }
  angular {
    z: -1.89255009895488e-19
  }
}

header {
  stamp {
    sec: 63
    nsec: 850000000
  }
  data {
    key: "frame_id"
    value: "vehicle_blue/odom"
  }
  data {
    key: "child_frame_id"
    value: "vehicle_blue/chassis"
  }
}
pose {
  position {
    x: 8.9389065914618539e-18
    y: -5.57039686939267e-35
  }
  orientation {
    z: -6.2571347328575918e-18
    w: 1
  }
}
twist {
  linear {
    x: 6.4341512631425586e-19
  }
  angular {
    z: -1.4307759828950022e-19
  }
}

header {
  stamp {
    sec: 63
    nsec: 900000000
  }
  data {
    key: "frame_id"
    value: "vehicle_blue/odom"
  }
  data {
    key: "child_frame_id"
    value: "vehicle_blue/chassis"
  }
}
pose {
  position {
    x: 8.9497712299659318e-18
    y: -5.5839984392472715e-35
  }
  orientation {
    z: -6.2609001667090579e-18
    w: 1
  }
}
twist {
  linear {
    x: 2.5220057443041061e-19
  }
  angular {
    z: -1.6431405604400447e-19
  }
}

header {
  stamp {
    sec: 63
    nsec: 950000000
  }
  data {
    key: "frame_id"
    value: "vehicle_blue/odom"
  }
  data {
    key: "child_frame_id"
    value: "vehicle_blue/chassis"
  }
}
pose {
  position {
    x: 8.9492094755956628e-18
    y: -5.5832953105808113e-35
  }
  orientation {
    z: -6.2656166874100832e-18
    w: 1
  }
}
twist {
  linear {
    x: -1.6280369892678584e-19
  }
  angular {
    z: -1.3830798143191008e-19
  }
}

header {
  stamp {
    sec: 64
  }
  data {
    key: "frame_id"
    value: "vehicle_blue/odom"
  }
  data {
    key: "child_frame_id"
    value: "vehicle_blue/chassis"
  }
}
pose {
  position {
    x: 0.00010499999921277577
    y: 1.1024999968523595e-08
  }
  orientation {
    z: 0.00010499999979156838
    w: 0.9999999944875001
  }
}
twist {
  linear {
    x: 0.00949999999887918
  }
  angular {
    z: 0.01899999999775746
  }
}

header {
  stamp {
    sec: 64
    nsec: 50000000
  }
  data {
    key: "frame_id"
    value: "vehicle_blue/odom"
  }
  data {
    key: "child_frame_id"
    value: "vehicle_blue/chassis"
  }
}
pose {
  position {
    x: 0.0020799940006483767
    y: 4.3263937604130277e-06
  }
  orientation {
    z: 0.0020799985000991227
    w: 0.99999783680078
  }
}
twist {
  linear {
    x: 0.059499999998530062
  }
  angular {
    z: 0.11899999999703104
  }
}

header {
  stamp {
    sec: 64
    nsec: 100000000
  }
  data {
    key: "frame_id"
    value: "vehicle_blue/odom"
  }
  data {
    key: "child_frame_id"
    value: "vehicle_blue/chassis"
  }
}
pose {
  position {
    x: 0.0065548122311792564
    y: 4.2967409584275923e-05
  }
  orientation {
    z: 0.0065549530573663917
    w: 0.99997851606442811
  }
}
twist {
  linear {
    x: 0.10949999999821869
  }
  angular {
    z: 0.21899999999634295
  }
}

header {
  stamp {
    sec: 64
    nsec: 150000000
  }
  data {
    key: "frame_id"
    value: "vehicle_blue/odom"
  }
  data {
    key: "child_frame_id"
    value: "vehicle_blue/chassis"
  }
}
pose {
  position {
    x: 0.013528348850872762
    y: 0.00018304972983444319
  }
  orientation {
    z: 0.013529587201180448
    w: 0.99990847094629909
  }
}
twist {
  linear {
    x: 0.15949999999794068
  }
  angular {
    z: 0.31899999999568845
  }
}

header {
  stamp {
    sec: 64
    nsec: 200000000
  }
  data {
    key: "frame_id"
    value: "vehicle_blue/odom"
  }
  data {
    key: "child_frame_id"
    value: "vehicle_blue/chassis"
  }
}
pose {
  position {
    x: 0.02299688423421278
    y: 0.000529136670097192
  }
  orientation {
    z: 0.023002970897187416
    w: 0.99973539665748723
  }
}
twist {
  linear {
    x: 0.20949999999769239
  }
  angular {
    z: 0.41899999999506388
  }
}

header {
  stamp {
    sec: 64
    nsec: 250000000
  }
  data {
    key: "frame_id"
    value: "vehicle_blue/odom"
  }
  data {
    key: "child_frame_id"
    value: "vehicle_blue/chassis"
  }
}
pose {
  position {
    x: 0.034951490615846924
    y: 0.001222837252913295
  }
  orientation {
    z: 0.034867930885462119
    w: 0.999391928822605
  }
}
twist {
  linear {
    x: 0.25949999999747064
  }
  angular {
    z: 0.49999999999670885
  }
}

header {
  stamp {
    sec: 64
    nsec: 300000000
  }
  data {
    key: "frame_id"
    value: "vehicle_blue/odom"
  }
  data {
    key: "child_frame_id"
    value: "vehicle_blue/chassis"
  }
}
pose {
  position {
    x: 0.049376752671728696
    y: 0.0024172216775750687
  }
  orientation {
    z: 0.047357280653681867
    w: 0.99887801455887915
  }
}
twist {
  linear {
    x: 0.309499999997274
  }
  angular {
    z: 0.49999999999686578
  }
}

header {
  stamp {
    sec: 64
    nsec: 350000000
  }
  data {
    key: "frame_id"
    value: "vehicle_blue/odom"
  }
  data {
    key: "child_frame_id"
    value: "vehicle_blue/chassis"
  }
}
pose {
  position {
    x: 0.066253221411839092
    y: 0.0042394311691176445
  }
  orientation {
    z: 0.059839230943151349
    w: 0.99820802763759231
  }
}
twist {
  linear {
    x: 0.35949999999709747
  }
  angular {
    z: 0.49999999999700628
  }
}

header {
  stamp {
    sec: 64
    nsec: 400000000
  }
  data {
    key: "frame_id"
    value: "vehicle_blue/odom"
  }
  data {
    key: "child_frame_id"
    value: "vehicle_blue/chassis"
  }
}
pose {
  position {
    x: 0.085556970771008739
    y: 0.00681259250285557
  }
  orientation {
    z: 0.072311831474531976
    w: 0.99738207274283752
  }
}
twist {
  linear {
    x: 0.40949999999693831
  }
  angular {
    z: 0.49999999999713224
  }
}

header {
  stamp {
    sec: 64
    nsec: 450000000
  }
  data {
    key: "frame_id"
    value: "vehicle_blue/odom"
  }
  data {
    key: "child_frame_id"
    value: "vehicle_blue/chassis"
  }
}
pose {
  position {
    x: 0.10725945557703166
    y: 0.010258989866971003
  }
  orientation {
    z: 0.084773133429365932
    w: 0.99640027892838678
  }
}
twist {
  linear {
    x: 0.45949999999679897
  }
  angular {
    z: 0.49999999999725303
  }
}

header {
  stamp {
    sec: 64
    nsec: 500000000
  }
  data {
    key: "frame_id"
    value: "vehicle_blue/odom"
  }
  data {
    key: "child_frame_id"
    value: "vehicle_blue/chassis"
  }
}
pose {
  position {
    x: 0.13122447594688771
    y: 0.014679840318548069
  }
  orientation {
    z: 0.097221189754574916
    w: 0.99526279959752584
  }
}
twist {
  linear {
    x: 0.49999999999779121
  }
  angular {
    z: 0.49999999999736017
  }
}

header {
  stamp {
    sec: 64
    nsec: 550000000
  }
  data {
    key: "frame_id"
    value: "vehicle_blue/odom"
  }
  data {
    key: "child_frame_id"
    value: "vehicle_blue/chassis"
  }
}
pose {
  position {
    x: 0.15568885085581319
    y: 0.01982394460454423
  }
  orientation {
    z: 0.10965405546668355
    w: 0.993969812479086
  }
}
twist {
  linear {
    x: 0.49999999999802708
  }
  angular {
    z: 0.49999999999746247
  }
}

header {
  stamp {
    sec: 64
    nsec: 600000000
  }
  data {
    key: "frame_id"
    value: "vehicle_blue/odom"
  }
  data {
    key: "child_frame_id"
    value: "vehicle_blue/chassis"
  }
}
pose {
  position {
    x: 0.18001699183430234
    y: 0.025577987107078724
  }
  orientation {
    z: 0.12206978795571871
    w: 0.99252151959967394
  }
}
twist {
  linear {
    x: 0.49999999999824024
  }
  angular {
    z: 0.49999999999756534
  }
}

header {
  stamp {
    sec: 64
    nsec: 650000000
  }
  data {
    key: "frame_id"
    value: "vehicle_blue/odom"
  }
  data {
    key: "child_frame_id"
    value: "vehicle_blue/chassis"
  }
}
pose {
  position {
    x: 0.20419369458615746
    y: 0.031938371736890125
  }
  orientation {
    z: 0.13446644728873855
    w: 0.99091814725210525
  }
}
twist {
  linear {
    x: 0.499999999998418
  }
  angular {
    z: 0.49999999999764511
  }
}

header {
  stamp {
    sec: 64
    nsec: 700000000
  }
  data {
    key: "frame_id"
    value: "vehicle_blue/odom"
  }
  data {
    key: "child_frame_id"
    value: "vehicle_blue/chassis"
  }
}
pose {
  position {
    x: 0.22820384945914354
    y: 0.038901123460624361
  }
  orientation {
    z: 0.1468420965129433
    w: 0.98915994596004719
  }
}
twist {
  linear {
    x: 0.49999999999858985
  }
  angular {
    z: 0.49999999999774331
  }
}

header {
  stamp {
    sec: 64
    nsec: 750000000
  }
  data {
    key: "frame_id"
    value: "vehicle_blue/odom"
  }
  data {
    key: "child_frame_id"
    value: "vehicle_blue/chassis"
  }
}
pose {
  position {
    x: 0.252032450888028
    y: 0.046461890785101857
  }
  orientation {
    z: 0.15919480195831967
    w: 0.98724719043887454
  }
}
twist {
  linear {
    x: 0.49999999999873673
  }
  angular {
    z: 0.49999999999782779
  }
}

header {
  stamp {
    sec: 64
    nsec: 800000000
  }
  data {
    key: "frame_id"
    value: "vehicle_blue/odom"
  }
  data {
    key: "child_frame_id"
    value: "vehicle_blue/chassis"
  }
}
pose {
  position {
    x: 0.27566460677257126
    y: 0.054615948476858682
  }
  orientation {
    z: 0.17152263353977318
    w: 0.985180179552746
  }
}
twist {
  linear {
    x: 0.49999999999885886
  }
  angular {
    z: 0.49999999999789885
  }
}

header {
  stamp {
    sec: 64
    nsec: 850000000
  }
  data {
    key: "frame_id"
    value: "vehicle_blue/odom"
  }
  data {
    key: "child_frame_id"
    value: "vehicle_blue/chassis"
  }
}
pose {
  position {
    x: 0.29908554778460533
    y: 0.063358200515263585
  }
  orientation {
    z: 0.18382366505870018
    w: 0.98295923626790693
  }
}
twist {
  linear {
    x: 0.49999999999898392
  }
  angular {
    z: 0.499999999997992
  }
}

header {
  stamp {
    sec: 64
    nsec: 900000000
  }
  data {
    key: "frame_id"
    value: "vehicle_blue/odom"
  }
  data {
    key: "child_frame_id"
    value: "vehicle_blue/chassis"
  }
}
pose {
  position {
    x: 0.32228063659838063
    y: 0.072683183277365254
  }
  orientation {
    z: 0.19609597450395211
    w: 0.98058470760222716
  }
}
twist {
  linear {
    x: 0.49999999999907685
  }
  angular {
    z: 0.49999999999805639
  }
}

header {
  stamp {
    sec: 64
    nsec: 950000000
  }
  data {
    key: "frame_id"
    value: "vehicle_blue/odom"
  }
  data {
    key: "child_frame_id"
    value: "vehicle_blue/chassis"
  }
}
pose {
  position {
    x: 0.34523537703842105
    y: 0.082585068952478982
  }
  orientation {
    z: 0.20833764435214602
    w: 0.97805696457097979
  }
}
twist {
  linear {
    x: 0.49999999999916778
  }
  angular {
    z: 0.49999999999814193
  }
}

header {
  stamp {
    sec: 65
  }
  data {
    key: "frame_id"
    value: "vehicle_blue/odom"
  }
  data {
    key: "child_frame_id"
    value: "vehicle_blue/chassis"
  }
}
pose {
  position {
    x: 0.36793542313916039
    y: 0.093057669184378064
  }
  orientation {
    z: 0.22054676186727382
    w: 0.97537640212887045
  }
}
twist {
  linear {
    x: 0.49999999999922329
  }
  angular {
    z: 0.49999999999817735
  }
}

header {
  stamp {
    sec: 65
    nsec: 50000000
  }
  data {
    key: "frame_id"
    value: "vehicle_blue/odom"
  }
  data {
    key: "child_frame_id"
    value: "vehicle_blue/chassis"
  }
}
pose {
  position {
    x: 0.39036658811070363
    y: 0.10409443893881587
  }
  orientation {
    z: 0.23272141939956337
    w: 0.9725434391083273
  }
}
twist {
  linear {
    x: 0.4999999999992899
  }
  angular {
    z: 0.49999999999824851
  }
}

header {
  stamp {
    sec: 65
    nsec: 100000000
  }
  data {
    key: "frame_id"
    value: "vehicle_blue/odom"
  }
  data {
    key: "child_frame_id"
    value: "vehicle_blue/chassis"
  }
}
pose {
  position {
    x: 0.41251485320510795
    y: 0.11568848059395778
  }
  orientation {
    z: 0.244859714683544
    w: 0.96955851815405836
  }
}
twist {
  linear {
    x: 0.49999999999936218
  }
  angular {
    z: 0.4999999999983461
  }
}

header {
  stamp {
    sec: 65
    nsec: 150000000
  }
  data {
    key: "frame_id"
    value: "vehicle_blue/odom"
  }
  data {
    key: "child_frame_id"
    value: "vehicle_blue/chassis"
  }
}
pose {
  position {
    x: 0.43436637647764675
    y: 0.12783254825117157
  }
  orientation {
    z: 0.25695975113527247
    w: 0.9664221056538902
  }
}
twist {
  linear {
    x: 0.49999999999943706
  }
  angular {
    z: 0.49999999999843947
  }
}

header {
  stamp {
    sec: 65
    nsec: 200000000
  }
  data {
    key: "frame_id"
    value: "vehicle_blue/odom"
  }
  data {
    key: "child_frame_id"
    value: "vehicle_blue/chassis"
  }
}
pose {
  position {
    x: 0.45590750143757175
    y: 0.14051905226347791
  }
  orientation {
    z: 0.26901963814867058
    w: 0.96313469166589483
  }
}
twist {
  linear {
    x: 0.49999999999943706
  }
  angular {
    z: 0.49999999999843947
  }
}

header {
  stamp {
    sec: 65
    nsec: 250000000
  }
  data {
    key: "frame_id"
    value: "vehicle_blue/odom"
  }
  data {
    key: "child_frame_id"
    value: "vehicle_blue/chassis"
  }
}
pose {
  position {
    x: 0.47712476558297884
    y: 0.15374006397883436
  }
  orientation {
    z: 0.28103749139093032
    w: 0.95969678984181916
  }
}
twist {
  linear {
    x: 0.49999999999949807
  }
  angular {
    z: 0.49999999999855493
  }
}

header {
  stamp {
    sec: 65
    nsec: 300000000
  }
  data {
    key: "frame_id"
    value: "vehicle_blue/odom"
  }
  data {
    key: "child_frame_id"
    value: "vehicle_blue/chassis"
  }
}
pose {
  position {
    x: 0.49800490881442544
    y: 0.16748732069527936
  }
  orientation {
    z: 0.29301143309693051
    w: 0.95610893734682922
  }
}
twist {
  linear {
    x: 0.49999999999956196
  }
  angular {
    z: 0.49999999999866596
  }
}

header {
  stamp {
    sec: 65
    nsec: 350000000
  }
  data {
    key: "frame_id"
    value: "vehicle_blue/odom"
  }
  data {
    key: "child_frame_id"
    value: "vehicle_blue/chassis"
  }
}
pose {
  position {
    x: 0.51853488172207451
    y: 0.18175223082485989
  }
  orientation {
    z: 0.30493959236264229
    w: 0.95237169477557737
  }
}
twist {
  linear {
    x: 0.49999999999956196
  }
  angular {
    z: 0.49999999999866596
  }
}

header {
  stamp {
    sec: 65
    nsec: 400000000
  }
  data {
    key: "frame_id"
    value: "vehicle_blue/odom"
  }
  data {
    key: "child_frame_id"
    value: "vehicle_blue/chassis"
  }
}
pose {
  position {
    x: 0.53870185374113133
    y: 0.19652587926308543
  }
  orientation {
    z: 0.31682010543744604
    w: 0.94848564606461261
  }
}
twist {
  linear {
    x: 0.49999999999959527
  }
  angular {
    z: 0.49999999999877254
  }
}

header {
  stamp {
    sec: 65
    nsec: 450000000
  }
  data {
    key: "frame_id"
    value: "vehicle_blue/odom"
  }
  data {
    key: "child_frame_id"
    value: "vehicle_blue/chassis"
  }
}
pose {
  position {
    x: 0.55849322117055411
    y: 0.21179903296058761
  }
  orientation {
    z: 0.32865111601534697
    w: 0.944451398401139
  }
}
twist {
  linear {
    x: 0.49999999999961187
  }
  angular {
    z: 0.49999999999879918
  }
}

header {
  stamp {
    sec: 65
    nsec: 500000000
  }
  data {
    key: "frame_id"
    value: "vehicle_blue/odom"
  }
  data {
    key: "child_frame_id"
    value: "vehicle_blue/chassis"
  }
}
pose {
  position {
    x: 0.57789661504992829
    y: 0.22756214669346492
  }
  orientation {
    z: 0.34043077552500967
    w: 0.94026958212814715
  }
}
twist {
  linear {
    x: 0.49999999999959516
  }
  angular {
    z: 0.49999999999882583
  }
}

header {
  stamp {
    sec: 65
    nsec: 550000000
  }
  data {
    key: "frame_id"
    value: "vehicle_blue/odom"
  }
  data {
    key: "child_frame_id"
    value: "vehicle_blue/chassis"
  }
}
pose {
  position {
    x: 0.59689990888969346
    y: 0.24380536902874847
  }
  orientation {
    z: 0.35215724341860349
    w: 0.93594085064592114
  }
}
twist {
  linear {
    x: 0.49999999999964517
  }
  angular {
    z: 0.49999999999895905
  }
}

header {
  stamp {
    sec: 65
    nsec: 600000000
  }
  data {
    key: "frame_id"
    value: "vehicle_blue/odom"
  }
  data {
    key: "child_frame_id"
    value: "vehicle_blue/chassis"
  }
}
pose {
  position {
    x: 0.61549122624978014
    y: 0.26051854848121719
  }
  orientation {
    z: 0.36382868745937647
    w: 0.93146588030994859
  }
}
twist {
  linear {
    x: 0.49999999999962857
  }
  angular {
    z: 0.4999999999989857
  }
}

header {
  stamp {
    sec: 65
    nsec: 650000000
  }
  data {
    key: "frame_id"
    value: "vehicle_blue/odom"
  }
  data {
    key: "child_frame_id"
    value: "vehicle_blue/chassis"
  }
}
pose {
  position {
    x: 0.63365894816201118
    y: 0.27769123985775052
  }
  orientation {
    z: 0.3754432840079423
    w: 0.92684537032524017
  }
}
twist {
  linear {
    x: 0.49999999999961187
  }
  angular {
    z: 0.49999999999901223
  }
}

header {
  stamp {
    sec: 65
    nsec: 700000000
  }
  data {
    key: "frame_id"
    value: "vehicle_blue/odom"
  }
  data {
    key: "child_frame_id"
    value: "vehicle_blue/chassis"
  }
}
pose {
  position {
    x: 0.65139172039158055
    y: 0.29531271078523591
  }
  orientation {
    z: 0.38699921830722139
    w: 0.92208004263708021
  }
}
twist {
  linear {
    x: 0.49999999999959527
  }
  angular {
    z: 0.499999999999039
  }
}

header {
  stamp {
    sec: 65
    nsec: 750000000
  }
  data {
    key: "frame_id"
    value: "vehicle_blue/odom"
  }
  data {
    key: "child_frame_id"
    value: "vehicle_blue/chassis"
  }
}
pose {
  position {
    x: 0.66867846053306657
    y: 0.31337194841794264
  }
  orientation {
    z: 0.39849468476598804
    w: 0.91717064181822561
  }
}
twist {
  linear {
    x: 0.49999999999957856
  }
  angular {
    z: 0.49999999999906564
  }
}

header {
  stamp {
    sec: 65
    nsec: 800000000
  }
  data {
    key: "frame_id"
    value: "vehicle_blue/odom"
  }
  data {
    key: "child_frame_id"
    value: "vehicle_blue/chassis"
  }
}
pose {
  position {
    x: 0.68550836493659262
    y: 0.33185766632020997
  }
  orientation {
    z: 0.40992788724099988
    w: 0.91211793495256421
  }
}
twist {
  linear {
    x: 0.49999999999969519
  }
  angular {
    z: 0.49999999999930544
  }
}

header {
  stamp {
    sec: 65
    nsec: 850000000
  }
  data {
    key: "frame_id"
    value: "vehicle_blue/odom"
  }
  data {
    key: "child_frame_id"
    value: "vehicle_blue/chassis"
  }
}
pose {
  position {
    x: 0.701870915459741
    y: 0.35075831152008186
  }
  orientation {
    z: 0.42129703931762824
    w: 0.90692271151526516
  }
}
twist {
  linear {
    x: 0.49999999999967848
  }
  angular {
    z: 0.49999999999933209
  }
}

header {
  stamp {
    sec: 65
    nsec: 900000000
  }
  data {
    key: "frame_id"
    value: "vehicle_blue/odom"
  }
  data {
    key: "child_frame_id"
    value: "vehicle_blue/chassis"
  }
}
pose {
  position {
    x: 0.717755886041058
    y: 0.370062071729549
  }
  orientation {
    z: 0.43260036458899004
    w: 0.90158578324942162
  }
}
twist {
  linear {
    x: 0.49999999999966172
  }
  angular {
    z: 0.49999999999935874
  }
}

header {
  stamp {
    sec: 65
    nsec: 950000000
  }
  data {
    key: "frame_id"
    value: "vehicle_blue/odom"
  }
  data {
    key: "child_frame_id"
    value: "vehicle_blue/chassis"
  }
}
pose {
  position {
    x: 0.73315334909100849
    y: 0.389756882726847
  }
  orientation {
    z: 0.44383609693350862
    w: 0.89610798403921677
  }
}
twist {
  linear {
    x: 0.49999999999964517
  }
  angular {
    z: 0.49999999999938538
  }
}

header {
  stamp {
    sec: 66
  }
  data {
    key: "frame_id"
    value: "vehicle_blue/odom"
  }
  data {
    key: "child_frame_id"
    value: "vehicle_blue/chassis"
  }
}
pose {
  position {
    x: 0.7480536816963953
    y: 0.40983043589619811
  }
  orientation {
    z: 0.45500248079086486
    w: 0.89049016977963258
  }
}
twist {
  linear {
    x: 0.49999999999962857
  }
  angular {
    z: 0.499999999999412
  }
}

header {
  stamp {
    sec: 66
    nsec: 50000000
  }
  data {
    key: "frame_id"
    value: "vehicle_blue/odom"
  }
  data {
    key: "child_frame_id"
    value: "vehicle_blue/chassis"
  }
}
pose {
  position {
    x: 0.76244757163436772
    y: 0.43027018592029104
  }
  orientation {
    z: 0.466097771436298
    w: 0.88473321824271789
  }
}
twist {
  linear {
    x: 0.499999999999612
  }
  angular {
    z: 0.49999999999943867
  }
}

header {
  stamp {
    sec: 66
    nsec: 100000000
  }
  data {
    key: "frame_id"
    value: "vehicle_blue/odom"
  }
  data {
    key: "child_frame_id"
    value: "vehicle_blue/chassis"
  }
}
pose {
  position {
    x: 0.77632602319225485
    y: 0.45106335862070435
  }
  orientation {
    z: 0.47712023525321928
    w: 0.87883802894043717
  }
}
twist {
  linear {
    x: 0.49999999999957867
  }
  angular {
    z: 0.49999999999949196
  }
}

header {
  stamp {
    sec: 66
    nsec: 150000000
  }
  data {
    key: "frame_id"
    value: "vehicle_blue/odom"
  }
  data {
    key: "child_frame_id"
    value: "vehicle_blue/chassis"
  }
}
pose {
  position {
    x: 0.7896803627895963
    y: 0.47219695894134939
  }
  orientation {
    z: 0.48806815000408227
    w: 0.87280552298412539
  }
}
twist {
  linear {
    x: 0.49999999999957867
  }
  angular {
    z: 0.49999999999949196
  }
}

header {
  stamp {
    sec: 66
    nsec: 200000000
  }
  data {
    key: "frame_id"
    value: "vehicle_blue/odom"
  }
  data {
    key: "child_frame_id"
    value: "vehicle_blue/chassis"
  }
}
pose {
  position {
    x: 0.802502244398847
    y: 0.49365777906994696
  }
  orientation {
    z: 0.49893980509947938
    w: 0.86663664294056564
  }
}
twist {
  linear {
    x: 0.49999999999954514
  }
  angular {
    z: 0.49999999999954525
  }
}

header {
  stamp {
    sec: 66
    nsec: 250000000
  }
  data {
    key: "frame_id"
    value: "vehicle_blue/odom"
  }
  data {
    key: "child_frame_id"
    value: "vehicle_blue/chassis"
  }
}
pose {
  position {
    x: 0.81478365476137082
    y: 0.51543240669250179
  }
  orientation {
    z: 0.50973350186542021
    w: 0.86033235268471431
  }
}
twist {
  linear {
    x: 0.49999999999951195
  }
  angular {
    z: 0.49999999999959854
  }
}

header {
  stamp {
    sec: 66
    nsec: 300000000
  }
  data {
    key: "frame_id"
    value: "vehicle_blue/odom"
  }
  data {
    key: "child_frame_id"
    value: "vehicle_blue/chassis"
  }
}
pose {
  position {
    x: 0.82651691839546826
    y: 0.53750723337554285
  }
  orientation {
    z: 0.52044755380874475
    w: 0.85389363724909773
  }
}
twist {
  linear {
    x: 0.49999999999951195
  }
  angular {
    z: 0.49999999999959854
  }
}

header {
  stamp {
    sec: 66
    nsec: 350000000
  }
  data {
    key: "frame_id"
    value: "vehicle_blue/odom"
  }
  data {
    key: "child_frame_id"
    value: "vehicle_blue/chassis"
  }
}
pose {
  position {
    x: 0.83769470239330313
    y: 0.55986846307096128
  }
  orientation {
    z: 0.531080286880636
    w: 0.84732150266990236
  }
}
twist {
  linear {
    x: 0.49999999999952305
  }
  angular {
    z: 0.49999999999972289
  }
}

header {
  stamp {
    sec: 66
    nsec: 400000000
  }
  data {
    key: "frame_id"
    value: "vehicle_blue/odom"
  }
  data {
    key: "child_frame_id"
    value: "vehicle_blue/chassis"
  }
}
pose {
  position {
    x: 0.84831002100373021
    y: 0.58250212073809138
  }
  orientation {
    z: 0.54163003973818646
    w: 0.84061697582978334
  }
}
twist {
  linear {
    x: 0.49999999999961187
  }
  angular {
    z: 0.499999999999865
  }
}

header {
  stamp {
    sec: 66
    nsec: 450000000
  }
  data {
    key: "frame_id"
    value: "vehicle_blue/odom"
  }
  data {
    key: "child_frame_id"
    value: "vehicle_blue/chassis"
  }
}
pose {
  position {
    x: 0.85835623999816157
    y: 0.60539406107764437
  }
  orientation {
    z: 0.552095164003973
    w: 0.83378110429742058
  }
}
twist {
  linear {
    x: 0.49999999999957845
  }
  angular {
    z: 0.49999999999991829
  }
}

header {
  stamp {
    sec: 66
    nsec: 500000000
  }
  data {
    key: "frame_id"
    value: "vehicle_blue/odom"
  }
  data {
    key: "child_frame_id"
    value: "vehicle_blue/chassis"
  }
}
pose {
  position {
    x: 0.86782708081674265
    y: 0.62852997737207439
  }
  orientation {
    z: 0.56247402452361939
    w: 0.826814956163834
  }
}
twist {
  linear {
    x: 0.49999999999954525
  }
  angular {
    z: 0.49999999999997158
  }
}

header {
  stamp {
    sec: 66
    nsec: 550000000
  }
  data {
    key: "frame_id"
    value: "vehicle_blue/odom"
  }
  data {
    key: "child_frame_id"
    value: "vehicle_blue/chassis"
  }
}
pose {
  position {
    x: 0.87671662449225185
    y: 0.65189541042680554
  }
  orientation {
    z: 0.57276499962128646
    w: 0.819719619875496
  }
}
twist {
  linear {
    x: 0.49999999999954525
  }
  angular {
    z: 0.49999999999997158
  }
}

header {
  stamp {
    sec: 66
    nsec: 600000000
  }
  data {
    key: "frame_id"
    value: "vehicle_blue/odom"
  }
  data {
    key: "child_frame_id"
    value: "vehicle_blue/chassis"
  }
}
pose {
  position {
    x: 0.88501931534925737
    y: 0.6754757576067506
  }
  orientation {
    z: 0.58296648135305007
    w: 0.8124962040642677
  }
}
twist {
  linear {
    x: 0.49999999999951206
  }
  angular {
    z: 0.50000000000002487
  }
}

header {
  stamp {
    sec: 66
    nsec: 650000000
  }
  data {
    key: "frame_id"
    value: "vehicle_blue/odom"
  }
  data {
    key: "child_frame_id"
    value: "vehicle_blue/chassis"
  }
}
pose {
  position {
    x: 0.89272996447623787
    y: 0.69925628196249623
  }
  orientation {
    z: 0.59307687575814438
    w: 0.80514583737417322
  }
}
twist {
  linear {
    x: 0.49999999999952316
  }
  angular {
    z: 0.50000000000004263
  }
}

header {
  stamp {
    sec: 66
    nsec: 700000000
  }
  data {
    key: "frame_id"
    value: "vehicle_blue/odom"
  }
  data {
    key: "child_frame_id"
    value: "vehicle_blue/chassis"
  }
}
pose {
  position {
    x: 0.89984375296848051
    y: 0.72322212144040932
  }
  orientation {
    z: 0.60309460310801311
    w: 0.797669668285054
  }
}
twist {
  linear {
    x: 0.49999999999947864
  }
  angular {
    z: 0.50000000000007816
  }
}

header {
  stamp {
    sec: 66
    nsec: 750000000
  }
  data {
    key: "frame_id"
    value: "vehicle_blue/odom"
  }
  data {
    key: "child_frame_id"
    value: "vehicle_blue/chassis"
  }
}
pose {
  position {
    x: 0.906356234939744
    y: 0.74735829817093935
  }
  orientation {
    z: 0.6130180981531389
    w: 0.79006886493312
  }
}
twist {
  linear {
    x: 0.49999999999947031
  }
  angular {
    z: 0.50000000000009148
  }
}

header {
  stamp {
    sec: 66
    nsec: 800000000
  }
  data {
    key: "frame_id"
    value: "vehicle_blue/odom"
  }
  data {
    key: "child_frame_id"
    value: "vehicle_blue/chassis"
  }
}
pose {
  position {
    x: 0.91226334030078615
    y: 0.77164972782929753
  }
  orientation {
    z: 0.622845810367612
    w: 0.78234461492842955
  }
}
twist {
  linear {
    x: 0.49999999999944533
  }
  angular {
    z: 0.50000000000013145
  }
}

header {
  stamp {
    sec: 66
    nsec: 850000000
  }
  data {
    key: "frame_id"
    value: "vehicle_blue/odom"
  }
  data {
    key: "child_frame_id"
    value: "vehicle_blue/chassis"
  }
}
pose {
  position {
    x: 0.91756137730304066
    y: 0.79608122906266776
  }
  orientation {
    z: 0.63257620419139193
    w: 0.77449812516933214
  }
}
twist {
  linear {
    x: 0.49999999999941214
  }
  angular {
    z: 0.50000000000018474
  }
}

header {
  stamp {
    sec: 66
    nsec: 900000000
  }
  data {
    key: "frame_id"
    value: "vehicle_blue/odom"
  }
  data {
    key: "child_frame_id"
    value: "vehicle_blue/chassis"
  }
}
pose {
  position {
    x: 0.92224703484584
    y: 0.82063753297805908
  }
  orientation {
    z: 0.64220775927024121
    w: 0.766530621653888
  }
}
twist {
  linear {
    x: 0.49999999999941214
  }
  angular {
    z: 0.50000000000018474
  }
}

header {
  stamp {
    sec: 66
    nsec: 950000000
  }
  data {
    key: "frame_id"
    value: "vehicle_blue/odom"
  }
  data {
    key: "child_frame_id"
    value: "vehicle_blue/chassis"
  }
}
pose {
  position {
    x: 0.92631738454574408
    y: 0.84530329268486493
  }
  orientation {
    z: 0.65173897069327291
    w: 0.75844334928831247
  }
}
twist {
  linear {
    x: 0.49999999999937861
  }
  angular {
    z: 0.500000000000238
  }
}

header {
  stamp {
    sec: 67
  }
  data {
    key: "frame_id"
    value: "vehicle_blue/odom"
  }
  data {
    key: "child_frame_id"
    value: "vehicle_blue/chassis"
  }
}
pose {
  position {
    x: 0.92976988256668547
    y: 0.87006309288617367
  }
  orientation {
    z: 0.66116834922809364
    w: 0.75023757169245908
  }
}
twist {
  linear {
    x: 0.49999999999937861
  }
  angular {
    z: 0.500000000000238
  }
}

header {
  stamp {
    sec: 67
    nsec: 50000000
  }
  data {
    key: "frame_id"
    value: "vehicle_blue/odom"
  }
  data {
    key: "child_frame_id"
    value: "vehicle_blue/chassis"
  }
}
pose {
  position {
    x: 0.93260237120978451
    y: 0.89490145951282507
  }
  orientation {
    z: 0.67049442155349082
    w: 0.74191457100238289
  }
}
twist {
  linear {
    x: 0.4999999999993453
  }
  angular {
    z: 0.50000000000029132
  }
}

header {
  stamp {
    sec: 67
    nsec: 100000000
  }
  data {
    key: "frame_id"
    value: "vehicle_blue/odom"
  }
  data {
    key: "child_frame_id"
    value: "vehicle_blue/chassis"
  }
}
pose {
  position {
    x: 0.93481308026184062
    y: 0.91980286939420042
  }
  orientation {
    z: 0.6797157304896374
    w: 0.73347564767000861
  }
}
twist {
  linear {
    x: 0.4999999999993453
  }
  angular {
    z: 0.50000000000029132
  }
}

header {
  stamp {
    sec: 67
    nsec: 150000000
  }
  data {
    key: "frame_id"
    value: "vehicle_blue/odom"
  }
  data {
    key: "child_frame_id"
    value: "vehicle_blue/chassis"
  }
}
pose {
  position {
    x: 0.93640062810165914
    y: 0.94475175995970262
  }
  orientation {
    z: 0.68883083522577371
    w: 0.7249221202599373
  }
}
twist {
  linear {
    x: 0.49999999999940092
  }
  angular {
    z: 0.50000000000048672
  }
}

header {
  stamp {
    sec: 67
    nsec: 200000000
  }
  data {
    key: "frame_id"
    value: "vehicle_blue/odom"
  }
  data {
    key: "child_frame_id"
    value: "vehicle_blue/chassis"
  }
}
pose {
  position {
    x: 0.93736402256352025
    y: 0.96973253896485367
  }
  orientation {
    z: 0.69783831154533249
    w: 0.7162553252434215
  }
}
twist {
  linear {
    x: 0.49999999999944533
  }
  angular {
    z: 0.50000000000055778
  }
}

header {
  stamp {
    sec: 67
    nsec: 250000000
  }
  data {
    key: "frame_id"
    value: "vehicle_blue/odom"
  }
  data {
    key: "child_frame_id"
    value: "vehicle_blue/chassis"
  }
}
pose {
  position {
    x: 0.93770266155724069
    y: 0.99472959423593021
  }
  orientation {
    z: 0.70673675204846065
    w: 0.70747661678955343
  }
}
twist {
  linear {
    x: 0.499999999999412
  }
  angular {
    z: 0.50000000000061107
  }
}

header {
  stamp {
    sec: 67
    nsec: 300000000
  }
  data {
    key: "frame_id"
    value: "vehicle_blue/odom"
  }
  data {
    key: "child_frame_id"
    value: "vehicle_blue/chassis"
  }
}
pose {
  position {
    x: 0.93741633344447206
    y: 1.0197273034270748
  }
  orientation {
    z: 0.71552476637193363
    w: 0.69858736655366871
  }
}
twist {
  linear {
    x: 0.499999999999412
  }
  angular {
    z: 0.50000000000061107
  }
}

header {
  stamp {
    sec: 67
    nsec: 350000000
  }
  data {
    key: "frame_id"
    value: "vehicle_blue/odom"
  }
  data {
    key: "child_frame_id"
    value: "vehicle_blue/chassis"
  }
}
pose {
  position {
    x: 0.93650521717096546
    y: 1.0447100437837573
  }
  orientation {
    z: 0.72420098140639222
    w: 0.68958896346303178
  }
}
twist {
  linear {
    x: 0.49999999999937872
  }
  angular {
    z: 0.50000000000066436
  }
}

header {
  stamp {
    sec: 67
    nsec: 400000000
  }
  data {
    key: "frame_id"
    value: "vehicle_blue/odom"
  }
  data {
    key: "child_frame_id"
    value: "vehicle_blue/chassis"
  }
}
pose {
  position {
    x: 0.93496988215473686
    y: 1.0696622019064739
  }
  orientation {
    z: 0.73276404151088925
    w: 0.68048281349981776
  }
}
twist {
  linear {
    x: 0.49999999999937872
  }
  angular {
    z: 0.50000000000066436
  }
}

header {
  stamp {
    sec: 67
    nsec: 450000000
  }
  data {
    key: "frame_id"
    value: "vehicle_blue/odom"
  }
  data {
    key: "child_frame_id"
    value: "vehicle_blue/chassis"
  }
}
pose {
  position {
    x: 0.93281128793018975
    y: 1.0945681835086285
  }
  orientation {
    z: 0.7412126087247044
    w: 0.67127033948143289
  }
}
twist {
  linear {
    x: 0.49999999999937872
  }
  angular {
    z: 0.50000000000066436
  }
}

header {
  stamp {
    sec: 67
    nsec: 500000000
  }
  data {
    key: "frame_id"
    value: "vehicle_blue/odom"
  }
  data {
    key: "child_frame_id"
    value: "vehicle_blue/chassis"
  }
}
pose {
  position {
    x: 0.93003078354844915
    y: 1.119412423162448
  }
  orientation {
    z: 0.7495453629764014
    w: 0.6619529808381972
  }
}
twist {
  linear {
    x: 0.49999999999934541
  }
  angular {
    z: 0.50000000000071765
  }
}

header {
  stamp {
    sec: 67
    nsec: 550000000
  }
  data {
    key: "frame_id"
    value: "vehicle_blue/odom"
  }
  data {
    key: "child_frame_id"
    value: "vehicle_blue/chassis"
  }
}
pose {
  position {
    x: 0.9266301067342485
    y: 1.1441793940268603
  }
  orientation {
    z: 0.757761002290079
    w: 0.652532193388445
  }
}
twist {
  linear {
    x: 0.49999999999934541
  }
  angular {
    z: 0.50000000000071765
  }
}

header {
  stamp {
    sec: 67
    nsec: 600000000
  }
  data {
    key: "frame_id"
    value: "vehicle_blue/odom"
  }
  data {
    key: "child_frame_id"
    value: "vehicle_blue/chassis"
  }
}
pose {
  position {
    x: 0.92261138279989552
    y: 1.1688536175512723
  }
  orientation {
    z: 0.76585824298880956
    w: 0.64300944911104818
  }
}
twist {
  linear {
    x: 0.499999999999312
  }
  angular {
    z: 0.50000000000077094
  }
}

header {
  stamp {
    sec: 67
    nsec: 650000000
  }
  data {
    key: "frame_id"
    value: "vehicle_blue/odom"
  }
  data {
    key: "child_frame_id"
    value: "vehicle_blue/chassis"
  }
}
pose {
  position {
    x: 0.91797712331703574
    y: 1.1934196731491631
  }
  orientation {
    z: 0.77383581989520744
    w: 0.63338623591542631
  }
}
twist {
  linear {
    x: 0.49999999999928979
  }
  angular {
    z: 0.50000000000080647
  }
}

header {
  stamp {
    sec: 67
    nsec: 700000000
  }
  data {
    key: "frame_id"
    value: "vehicle_blue/odom"
  }
  data {
    key: "child_frame_id"
    value: "vehicle_blue/chassis"
  }
}
pose {
  position {
    x: 0.91273022454699548
    y: 1.2178622078354435
  }
  orientation {
    z: 0.78169248652911183
    w: 0.6236640574090625
  }
}
twist {
  linear {
    x: 0.4999999999992788
  }
  angular {
    z: 0.50000000000082423
  }
}

header {
  stamp {
    sec: 67
    nsec: 750000000
  }
  data {
    key: "frame_id"
    value: "vehicle_blue/odom"
  }
  data {
    key: "child_frame_id"
    value: "vehicle_blue/chassis"
  }
}
pose {
  position {
    x: 0.90687396563070977
    y: 1.2421659458215737
  }
  orientation {
    z: 0.78942701530234471
    w: 0.61384443266256927
  }
}
twist {
  linear {
    x: 0.4999999999992788
  }
  angular {
    z: 0.50000000000082423
  }
}

header {
  stamp {
    sec: 67
    nsec: 800000000
  }
  data {
    key: "frame_id"
    value: "vehicle_blue/odom"
  }
  data {
    key: "child_frame_id"
    value: "vehicle_blue/chassis"
  }
}
pose {
  position {
    x: 0.90041200653937392
    y: 1.266315698062435
  }
  orientation {
    z: 0.79703819771052131
    w: 0.60392889597233557
  }
}
twist {
  linear {
    x: 0.4999999999992788
  }
  angular {
    z: 0.50000000000082423
  }
}

header {
  stamp {
    sec: 67
    nsec: 850000000
  }
  data {
    key: "frame_id"
    value: "vehicle_blue/odom"
  }
  data {
    key: "child_frame_id"
    value: "vehicle_blue/chassis"
  }
}
pose {
  position {
    x: 0.8933483857870731
    y: 1.2902963717489839
  }
  orientation {
    z: 0.804524844521875
    w: 0.59391899662079584
  }
}
twist {
  linear {
    x: 0.4999999999992788
  }
  angular {
    z: 0.50000000000082423
  }
}

header {
  stamp {
    sec: 67
    nsec: 900000000
  }
  data {
    key: "frame_id"
    value: "vehicle_blue/odom"
  }
  data {
    key: "child_frame_id"
    value: "vehicle_blue/chassis"
  }
}
pose {
  position {
    x: 0.8856875179068463
    y: 1.3140929797407699
  }
  orientation {
    z: 0.81188578596307359
    w: 0.58381629863435835
  }
}
twist {
  linear {
    x: 0.49999999999921768
  }
  angular {
    z: 0.50000000000092193
  }
}

header {
  stamp {
    sec: 67
    nsec: 950000000
  }
  data {
    key: "frame_id"
    value: "vehicle_blue/odom"
  }
  data {
    key: "child_frame_id"
    value: "vehicle_blue/chassis"
  }
}
pose {
  position {
    x: 0.87743419069174811
    y: 1.3376906499324102
  }
  orientation {
    z: 0.81911987190199387
    w: 0.5736223805390277
  }
}
twist {
  linear {
    x: 0.49999999999921219
  }
  angular {
    z: 0.50000000000093081
  }
}

header {
  stamp {
    sec: 68
  }
  data {
    key: "frame_id"
    value: "vehicle_blue/odom"
  }
  data {
    key: "child_frame_id"
    value: "vehicle_blue/chassis"
  }
}
pose {
  position {
    x: 0.8685935622026294
    y: 1.3610746345481746
  }
  orientation {
    z: 0.826225972027424
    w: 0.56333883511376937
  }
}
twist {
  linear {
    x: 0.49999999999921219
  }
  angular {
    z: 0.50000000000093081
  }
}

header {
  stamp {
    sec: 68
    nsec: 50000000
  }
  data {
    key: "frame_id"
    value: "vehicle_blue/odom"
  }
  data {
    key: "child_frame_id"
    value: "vehicle_blue/chassis"
  }
}
pose {
  position {
    x: 0.859171157544521
    y: 1.38423031935886
  }
  orientation {
    z: 0.8332029760256765
    w: 0.55296726914163374
  }
}
twist {
  linear {
    x: 0.49999999999921219
  }
  angular {
    z: 0.50000000000093081
  }
}

header {
  stamp {
    sec: 68
    nsec: 100000000
  }
  data {
    key: "frame_id"
    value: "vehicle_blue/odom"
  }
  data {
    key: "child_frame_id"
    value: "vehicle_blue/chassis"
  }
}
pose {
  position {
    x: 0.84917286541362258
    y: 1.4071432328152096
  }
  orientation {
    z: 0.84004979375407152
    w: 0.54250930315870338
  }
}
twist {
  linear {
    x: 0.49999999999921219
  }
  angular {
    z: 0.50000000000093081
  }
}

header {
  stamp {
    sec: 68
    nsec: 150000000
  }
  data {
    key: "frame_id"
    value: "vehicle_blue/odom"
  }
  data {
    key: "child_frame_id"
    value: "vehicle_blue/chassis"
  }
}
pose {
  position {
    x: 0.83860493441705619
    y: 1.4297990550921604
  }
  orientation {
    z: 0.84676535541126874
    w: 0.53196657120088642
  }
}
twist {
  linear {
    x: 0.49999999999921219
  }
  angular {
    z: 0.50000000000093081
  }
}

header {
  stamp {
    sec: 68
    nsec: 200000000
  }
  data {
    key: "frame_id"
    value: "vehicle_blue/odom"
  }
  data {
    key: "child_frame_id"
    value: "vehicle_blue/chassis"
  }
}
pose {
  position {
    x: 0.827473969167695
    y: 1.4521836270382662
  }
  orientation {
    z: 0.853348611704422
    w: 0.52134072054860225
  }
}
twist {
  linear {
    x: 0.49999999999915667
  }
  angular {
    z: 0.50000000000101963
  }
}

header {
  stamp {
    sec: 68
    nsec: 250000000
  }
  data {
    key: "frame_id"
    value: "vehicle_blue/odom"
  }
  data {
    key: "child_frame_id"
    value: "vehicle_blue/chassis"
  }
}
pose {
  position {
    x: 0.81578692615649462
    y: 1.4742829590247044
  }
  orientation {
    z: 0.859798534013129
    w: 0.51063341146939678
  }
}
twist {
  linear {
    x: 0.49999999999914557
  }
  angular {
    z: 0.50000000000103739
  }
}

header {
  stamp {
    sec: 68
    nsec: 300000000
  }
  data {
    key: "frame_id"
    value: "vehicle_blue/odom"
  }
  data {
    key: "child_frame_id"
    value: "vehicle_blue/chassis"
  }
}
pose {
  position {
    x: 0.80355110940490371
    y: 1.4960832396883559
  }
  orientation {
    z: 0.86611411455015153
    w: 0.49984631695852982
  }
}
twist {
  linear {
    x: 0.49999999999914557
  }
  angular {
    z: 0.50000000000103739
  }
}

header {
  stamp {
    sec: 68
    nsec: 350000000
  }
  data {
    key: "frame_id"
    value: "vehicle_blue/odom"
  }
  data {
    key: "child_frame_id"
    value: "vehicle_blue/chassis"
  }
}
pose {
  position {
    x: 0.79077416590009808
    y: 1.5175708445634337
  }
  orientation {
    z: 0.87229436651887948
    w: 0.48898112247757253
  }
}
twist {
  linear {
    x: 0.49999999999914557
  }
  angular {
    z: 0.50000000000103739
  }
}

header {
  stamp {
    sec: 68
    nsec: 400000000
  }
  data {
    key: "frame_id"
    value: "vehicle_blue/odom"
  }
  data {
    key: "child_frame_id"
    value: "vehicle_blue/chassis"
  }
}
pose {
  position {
    x: 0.77746408081586282
    y: 1.5387323445963446
  }
  orientation {
    z: 0.87833832426751657
    w: 0.47803952569105723
  }
}
twist {
  linear {
    x: 0.49999999999914557
  }
  angular {
    z: 0.50000000000103739
  }
}

header {
  stamp {
    sec: 68
    nsec: 450000000
  }
  data {
    key: "frame_id"
    value: "vehicle_blue/odom"
  }
  data {
    key: "child_frame_id"
    value: "vehicle_blue/chassis"
  }
}
pose {
  position {
    x: 0.76362917252211182
    y: 1.5595545145384064
  }
  orientation {
    z: 0.88424504343996091
    w: 0.46702323620122127
  }
}
twist {
  linear {
    x: 0.49999999999914557
  }
  angular {
    z: 0.50000000000103739
  }
}

header {
  stamp {
    sec: 68
    nsec: 500000000
  }
  data {
    key: "frame_id"
    value: "vehicle_blue/odom"
  }
  data {
    key: "child_frame_id"
    value: "vehicle_blue/chassis"
  }
}
pose {
  position {
    x: 0.74927808738618318
    y: 1.5800243412111923
  }
  orientation {
    z: 0.89001360112335892
    w: 0.45593397528088481
  }
}
twist {
  linear {
    x: 0.49999999999914557
  }
  angular {
    z: 0.50000000000103739
  }
}

header {
  stamp {
    sec: 68
    nsec: 550000000
  }
  data {
    key: "frame_id"
    value: "vehicle_blue/odom"
  }
  data {
    key: "child_frame_id"
    value: "vehicle_blue/chassis"
  }
}
pose {
  position {
    x: 0.73441979436914084
    y: 1.6001290316393524
  }
  orientation {
    z: 0.89564309599230885
    w: 0.4447734756045057
  }
}
twist {
  linear {
    x: 0.49999999999914557
  }
  angular {
    z: 0.50000000000103739
  }
}

header {
  stamp {
    sec: 68
    nsec: 600000000
  }
  data {
    key: "frame_id"
    value: "vehicle_blue/odom"
  }
  data {
    key: "child_frame_id"
    value: "vehicle_blue/chassis"
  }
}
pose {
  position {
    x: 0.719063579420466
    y: 1.6198560210458006
  }
  orientation {
    z: 0.90113264844969054
    w: 0.43354348097745238
  }
}
twist {
  linear {
    x: 0.49999999999907896
  }
  angular {
    z: 0.500000000001144
  }
}

header {
  stamp {
    sec: 68
    nsec: 650000000
  }
  data {
    key: "frame_id"
    value: "vehicle_blue/odom"
  }
  data {
    key: "child_frame_id"
    value: "vehicle_blue/chassis"
  }
}
pose {
  position {
    x: 0.7032190396746264
    y: 1.6391929807043104
  }
  orientation {
    z: 0.90648140076410144
    w: 0.42224574606353643
  }
}
twist {
  linear {
    x: 0.49999999999907896
  }
  angular {
    z: 0.500000000001144
  }
}

header {
  stamp {
    sec: 68
    nsec: 700000000
  }
  data {
    key: "frame_id"
    value: "vehicle_blue/odom"
  }
  data {
    key: "child_frame_id"
    value: "vehicle_blue/chassis"
  }
}
pose {
  position {
    x: 0.68689607745320536
    y: 1.6581278256445351
  }
  orientation {
    z: 0.91168851720387423
    w: 0.41088203611085394
  }
}
twist {
  linear {
    x: 0.49999999999907896
  }
  angular {
    z: 0.500000000001144
  }
}

header {
  stamp {
    sec: 68
    nsec: 750000000
  }
  data {
    key: "frame_id"
    value: "vehicle_blue/odom"
  }
  data {
    key: "child_frame_id"
    value: "vehicle_blue/chassis"
  }
}
pose {
  position {
    x: 0.67010489407625551
    y: 1.6766487222047415
  }
  orientation {
    z: 0.91675318416765872
    w: 0.39945412667596614
  }
}
twist {
  linear {
    x: 0.49999999999907896
  }
  angular {
    z: 0.500000000001144
  }
}

header {
  stamp {
    sec: 68
    nsec: 800000000
  }
  data {
    key: "frame_id"
    value: "vehicle_blue/odom"
  }
  data {
    key: "child_frame_id"
    value: "vehicle_blue/chassis"
  }
}
pose {
  position {
    x: 0.65285598348680907
    y: 1.694744095427466
  }
  orientation {
    z: 0.92167461031154585
    w: 0.38796380334647224
  }
}
twist {
  linear {
    x: 0.49999999999907896
  }
  angular {
    z: 0.500000000001144
  }
}

header {
  stamp {
    sec: 68
    nsec: 850000000
  }
  data {
    key: "frame_id"
    value: "vehicle_blue/odom"
  }
  data {
    key: "child_frame_id"
    value: "vehicle_blue/chassis"
  }
}
pose {
  position {
    x: 0.63516012569251168
    y: 1.712402636293469
  }
  orientation {
    z: 0.9264520266727132
    w: 0.37641286146201547
  }
}
twist {
  linear {
    x: 0.49999999999907896
  }
  angular {
    z: 0.500000000001144
  }
}

header {
  stamp {
    sec: 68
    nsec: 900000000
  }
  data {
    key: "frame_id"
    value: "vehicle_blue/odom"
  }
  data {
    key: "child_frame_id"
    value: "vehicle_blue/chassis"
  }
}
pose {
  position {
    x: 0.617028380028458
    y: 1.7296133087895191
  }
  orientation {
    z: 0.9310846867895739
    w: 0.36480310583376485
  }
}
twist {
  linear {
    x: 0.49999999999907896
  }
  angular {
    z: 0.500000000001144
  }
}

header {
  stamp {
    sec: 68
    nsec: 950000000
  }
  data {
    key: "frame_id"
    value: "vehicle_blue/odom"
  }
  data {
    key: "child_frame_id"
    value: "vehicle_blue/chassis"
  }
}
pose {
  position {
    x: 0.59847207824547233
    y: 1.7463653568055431
  }
  orientation {
    z: 0.93557186681841
    w: 0.35313635046241754
  }
}
twist {
  linear {
    x: 0.49999999999907896
  }
  angular {
    z: 0.500000000001144
  }
}

header {
  stamp {
    sec: 69
  }
  data {
    key: "frame_id"
    value: "vehicle_blue/odom"
  }
  data {
    key: "child_frame_id"
    value: "vehicle_blue/chassis"
  }
}
pose {
  position {
    x: 0.57950281742813892
    y: 1.7626483108568274
  }
  orientation {
    z: 0.93991286564647092
    w: 0.34141441825476421
  }
}
twist {
  linear {
    x: 0.49999999999907896
  }
  angular {
    z: 0.500000000001144
  }
}

header {
  stamp {
    sec: 69
    nsec: 50000000
  }
  data {
    key: "frame_id"
    value: "vehicle_blue/odom"
  }
  data {
    key: "child_frame_id"
    value: "vehicle_blue/chassis"
  }
}
pose {
  position {
    x: 0.56013245274698453
    y: 1.7784519946271329
  }
  orientation {
    z: 0.94410700500152467
    w: 0.32963914073885575
  }
}
twist {
  linear {
    x: 0.49999999999901235
  }
  angular {
    z: 0.50000000000125056
  }
}

header {
  stamp {
    sec: 69
    nsec: 100000000
  }
  data {
    key: "frame_id"
    value: "vehicle_blue/odom"
  }
  data {
    key: "child_frame_id"
    value: "vehicle_blue/chassis"
  }
}
pose {
  position {
    x: 0.54037309004940659
    y: 1.793766531328528
  }
  orientation {
    z: 0.94815362955782667
    w: 0.3178123577778556
  }
}
twist {
  linear {
    x: 0.49999999999901235
  }
  angular {
    z: 0.50000000000125056
  }
}

header {
  stamp {
    sec: 69
    nsec: 150000000
  }
  data {
    key: "frame_id"
    value: "vehicle_blue/odom"
  }
  data {
    key: "child_frame_id"
    value: "vehicle_blue/chassis"
  }
}
pose {
  position {
    x: 0.52023707829390353
    y: 1.8085823498740794
  }
  orientation {
    z: 0.95205210703852183
    w: 0.3059359172825431
  }
}
twist {
  linear {
    x: 0.49999999999901235
  }
  angular {
    z: 0.50000000000125056
  }
}

header {
  stamp {
    sec: 69
    nsec: 200000000
  }
  data {
    key: "frame_id"
    value: "vehicle_blue/odom"
  }
  data {
    key: "child_frame_id"
    value: "vehicle_blue/chassis"
  }
}
pose {
  position {
    x: 0.49973700183236569
    y: 1.8228901908594732
  }
  orientation {
    z: 0.95580182831443594
    w: 0.29401167492258096
  }
}
twist {
  linear {
    x: 0.49999999999901235
  }
  angular {
    z: 0.50000000000125056
  }
}

header {
  stamp {
    sec: 69
    nsec: 250000000
  }
  data {
    key: "frame_id"
    value: "vehicle_blue/odom"
  }
  data {
    key: "child_frame_id"
    value: "vehicle_blue/chassis"
  }
}
pose {
  position {
    x: 0.47888567254526992
    y: 1.8366811123498379
  }
  orientation {
    z: 0.95940220749924909
    w: 0.28204149383657717
  }
}
twist {
  linear {
    x: 0.49999999999900685
  }
  angular {
    z: 0.50000000000125944
  }
}

header {
  stamp {
    sec: 69
    nsec: 300000000
  }
  data {
    key: "frame_id"
    value: "vehicle_blue/odom"
  }
  data {
    key: "child_frame_id"
    value: "vehicle_blue/chassis"
  }
}
pose {
  position {
    x: 0.45769612183468233
    y: 1.8499464954681546
  }
  orientation {
    z: 0.96285268204103813
    w: 0.270027244340973
  }
}
twist {
  linear {
    x: 0.49999999999901235
  }
  angular {
    z: 0.50000000000125056
  }
}

header {
  stamp {
    sec: 69
    nsec: 350000000
  }
  data {
    key: "frame_id"
    value: "vehicle_blue/odom"
  }
  data {
    key: "child_frame_id"
    value: "vehicle_blue/chassis"
  }
}
pose {
  position {
    x: 0.43618159248004673
    y: 1.8626780497817834
  }
  orientation {
    z: 0.96615271281017623
    w: 0.25797080363780939
  }
}
twist {
  linear {
    x: 0.49999999999901235
  }
  angular {
    z: 0.50000000000125056
  }
}

header {
  stamp {
    sec: 69
    nsec: 400000000
  }
  data {
    key: "frame_id"
    value: "vehicle_blue/odom"
  }
  data {
    key: "child_frame_id"
    value: "vehicle_blue/chassis"
  }
}
pose {
  position {
    x: 0.41435553036188277
    y: 1.8748678184837044
  }
  orientation {
    z: 0.96930178418356938
    w: 0.24587405552141739
  }
}
twist {
  linear {
    x: 0.49999999999901235
  }
  angular {
    z: 0.50000000000125056
  }
}

header {
  stamp {
    sec: 69
    nsec: 450000000
  }
  data {
    key: "frame_id"
    value: "vehicle_blue/odom"
  }
  data {
    key: "child_frame_id"
    value: "vehicle_blue/chassis"
  }
}
pose {
  position {
    x: 0.39223157605854436
    y: 1.8865081833652761
  }
  orientation {
    z: 0.97229940412522253
    w: 0.23373889008407941
  }
}
twist {
  linear {
    x: 0.49999999999901235
  }
  angular {
    z: 0.50000000000125056
  }
}

header {
  stamp {
    sec: 69
    nsec: 500000000
  }
  data {
    key: "frame_id"
    value: "vehicle_blue/odom"
  }
  data {
    key: "child_frame_id"
    value: "vehicle_blue/chassis"
  }
}
pose {
  position {
    x: 0.36982355632130615
    y: 1.8975918695773566
  }
  orientation {
    z: 0.97514510426311807
    w: 0.2215672034207061
  }
}
twist {
  linear {
    x: 0.49999999999901235
  }
  angular {
    z: 0.50000000000125056
  }
}

header {
  stamp {
    sec: 69
    nsec: 550000000
  }
  data {
    key: "frame_id"
    value: "vehicle_blue/odom"
  }
  data {
    key: "child_frame_id"
    value: "vehicle_blue/chassis"
  }
}
pose {
  position {
    x: 0.3471454754330911
    y: 1.9081119501768506
  }
  orientation {
    z: 0.97783843996239928
    w: 0.20936089733257543
  }
}
twist {
  linear {
    x: 0.49999999999901235
  }
  angular {
    z: 0.50000000000125056
  }
}

header {
  stamp {
    sec: 69
    nsec: 600000000
  }
  data {
    key: "frame_id"
    value: "vehicle_blue/odom"
  }
  data {
    key: "child_frame_id"
    value: "vehicle_blue/chassis"
  }
}
pose {
  position {
    x: 0.32421150645625069
    y: 1.9180618504558318
  }
  orientation {
    z: 0.98037899039484278
    w: 0.19712187903018002
  }
}
twist {
  linear {
    x: 0.49999999999901235
  }
  angular {
    z: 0.50000000000125056
  }
}

header {
  stamp {
    sec: 69
    nsec: 650000000
  }
  data {
    key: "frame_id"
    value: "vehicle_blue/odom"
  }
  data {
    key: "child_frame_id"
    value: "vehicle_blue/chassis"
  }
}
pose {
  position {
    x: 0.30103598237486284
    y: 1.9274353520505045
  }
  orientation {
    z: 0.98276635860461248
    w: 0.18485206083522654
  }
}
twist {
  linear {
    x: 0.49999999999894573
  }
  angular {
    z: 0.50000000000135714
  }
}

header {
  stamp {
    sec: 69
    nsec: 700000000
  }
  data {
    key: "frame_id"
    value: "vehicle_blue/odom"
  }
  data {
    key: "child_frame_id"
    value: "vehicle_blue/chassis"
  }
}
pose {
  position {
    x: 0.27763338713708219
    y: 1.9362265968274941
  }
  orientation {
    z: 0.98500017157028252
    w: 0.17255335988184639
  }
}
twist {
  linear {
    x: 0.49999999999894573
  }
  angular {
    z: 0.50000000000135714
  }
}

header {
  stamp {
    sec: 69
    nsec: 750000000
  }
  data {
    key: "frame_id"
    value: "vehicle_blue/odom"
  }
  data {
    key: "child_frame_id"
    value: "vehicle_blue/chassis"
  }
}
pose {
  position {
    x: 0.25401834660314654
    y: 1.9444300905449841
  }
  orientation {
    z: 0.98708008026312144
    w: 0.16022769781704344
  }
}
twist {
  linear {
    x: 0.49999999999894573
  }
  angular {
    z: 0.50000000000135714
  }
}

header {
  stamp {
    sec: 69
    nsec: 800000000
  }
  data {
    key: "frame_id"
    value: "vehicle_blue/odom"
  }
  data {
    key: "child_frame_id"
    value: "vehicle_blue/chassis"
  }
}
pose {
  position {
    x: 0.23020561940468529
    y: 1.9520407062864329
  }
  orientation {
    z: 0.98900575970162752
    w: 0.14787700050043884
  }
}
twist {
  linear {
    x: 0.49999999999894573
  }
  angular {
    z: 0.50000000000135714
  }
}

header {
  stamp {
    sec: 69
    nsec: 850000000
  }
  data {
    key: "frame_id"
    value: "vehicle_blue/odom"
  }
  data {
    key: "child_frame_id"
    value: "vehicle_blue/chassis"
  }
}
pose {
  position {
    x: 0.20621008772106078
    y: 1.9590536876647409
  }
  orientation {
    z: 0.99077690900230608
    w: 0.13550319770336081
  }
}
twist {
  linear {
    x: 0.49999999999894573
  }
  angular {
    z: 0.50000000000135714
  }
}

header {
  stamp {
    sec: 69
    nsec: 900000000
  }
  data {
    key: "frame_id"
    value: "vehicle_blue/odom"
  }
  data {
    key: "child_frame_id"
    value: "vehicle_blue/chassis"
  }
}
pose {
  position {
    x: 0.18204674797848638
    y: 1.9654646517948273
  }
  orientation {
    z: 0.99239325142668255
    w: 0.12310822280732207
  }
}
twist {
  linear {
    x: 0.49999999999894573
  }
  angular {
    z: 0.50000000000135714
  }
}

header {
  stamp {
    sec: 69
    nsec: 950000000
  }
  data {
    key: "frame_id"
    value: "vehicle_blue/odom"
  }
  data {
    key: "child_frame_id"
    value: "vehicle_blue/chassis"
  }
}
pose {
  position {
    x: 0.15773070147775131
    y: 1.9712695920327978
  }
  orientation {
    z: 0.99385453442454141
    w: 0.11069401250193261
  }
}
twist {
  linear {
    x: 0.49999999999894573
  }
  angular {
    z: 0.50000000000135714
  }
}

header {
  stamp {
    sec: 70
  }
  data {
    key: "frame_id"
    value: "vehicle_blue/odom"
  }
  data {
    key: "child_frame_id"
    value: "vehicle_blue/chassis"
  }
}
pose {
  position {
    x: 0.13327714495639667
    y: 1.9764648804799627
  }
  orientation {
    z: 0.99516052967338731
    w: 0.098262506482296
  }
}
twist {
  linear {
    x: 0.49999999999894573
  }
  angular {
    z: 0.50000000000135714
  }
}

header {
  stamp {
    sec: 70
    nsec: 50000000
  }
  data {
    key: "frame_id"
    value: "vehicle_blue/odom"
  }
  data {
    key: "child_frame_id"
    value: "vehicle_blue/chassis"
  }
}
pose {
  position {
    x: 0.10870136109125092
    y: 1.981047270250156
  }
  orientation {
    z: 0.99631103311411962
    w: 0.08581564714593598
  }
}
twist {
  linear {
    x: 0.49999999999894573
  }
  angular {
    z: 0.50000000000135714
  }
}

header {
  stamp {
    sec: 70
    nsec: 100000000
  }
  data {
    key: "frame_id"
    value: "vehicle_blue/odom"
  }
  data {
    key: "child_frame_id"
    value: "vehicle_blue/chassis"
  }
}
pose {
  position {
    x: 0.084018708947254953
    y: 1.985013897498934
  }
  orientation {
    z: 0.99730586498291618
    w: 0.073355379289301886
  }
}
twist {
  linear {
    x: 0.49999999999881251
  }
  angular {
    z: 0.500000000001144
  }
}

header {
  stamp {
    sec: 70
    nsec: 150000000
  }
  data {
    key: "frame_id"
    value: "vehicle_blue/odom"
  }
  data {
    key: "child_frame_id"
    value: "vehicle_blue/chassis"
  }
}
pose {
  position {
    x: 0.059244614378555251
    y: 1.9883622832133852
  }
  orientation {
    z: 0.99814486983932127
    w: 0.060883649803904906
  }
}
twist {
  linear {
    x: 0.49999999999867928
  }
  angular {
    z: 0.50000000000093081
  }
}

header {
  stamp {
    sec: 70
    nsec: 200000000
  }
  data {
    key: "frame_id"
    value: "vehicle_blue/odom"
  }
  data {
    key: "child_frame_id"
    value: "vehicle_blue/chassis"
  }
}
pose {
  position {
    x: 0.034394560387813022
    y: 1.9910903347614326
  }
  orientation {
    z: 0.9988279165905336
    w: 0.048402407372093462
  }
}
twist {
  linear {
    x: 0.49999999999867928
  }
  angular {
    z: 0.50000000000093081
  }
}

header {
  stamp {
    sec: 70
    nsec: 250000000
  }
  data {
    key: "frame_id"
    value: "vehicle_blue/odom"
  }
  data {
    key: "child_frame_id"
    value: "vehicle_blue/chassis"
  }
}
pose {
  position {
    x: 0.0094840774498683826
    y: 1.9931963471996641
  }
  orientation {
    z: 0.99935489851188819
    w: 0.035913602162604558
  }
}
twist {
  linear {
    x: 0.49999999999867928
  }
  angular {
    z: 0.50000000000093081
  }
}

header {
  stamp {
    sec: 70
    nsec: 300000000
  }
  data {
    key: "frame_id"
    value: "vehicle_blue/odom"
  }
  data {
    key: "child_frame_id"
    value: "vehicle_blue/chassis"
  }
}
pose {
  position {
    x: -0.0154712661943136
    y: 1.9946790043388556
  }
  orientation {
    z: 0.99972573326353165
    w: 0.023419185525843735
  }
}
twist {
  linear {
    x: 0.49999999999867928
  }
  angular {
    z: 0.50000000000093081
  }
}

header {
  stamp {
    sec: 70
    nsec: 350000000
  }
  data {
    key: "frame_id"
    value: "vehicle_blue/odom"
  }
  data {
    key: "child_frame_id"
    value: "vehicle_blue/chassis"
  }
}
pose {
  position {
    x: -0.040455874267286751
    y: 1.9955373795665625
  }
  orientation {
    z: 0.99994036290328892
    w: 0.0109211096889907
  }
}
twist {
  linear {
    x: 0.49999999999867928
  }
  angular {
    z: 0.50000000000093081
  }
}

header {
  stamp {
    sec: 70
    nsec: 400000000
  }
  data {
    key: "frame_id"
    value: "vehicle_blue/odom"
  }
  data {
    key: "child_frame_id"
    value: "vehicle_blue/chassis"
  }
}
pose {
  position {
    x: -0.0654541322022895
    y: 1.9957709364262037
  }
  orientation {
    z: 0.99999875389571513
    w: -0.0015786725490323063
  }
}
twist {
  linear {
    x: 0.49999999999867928
  }
  angular {
    z: 0.50000000000093081
  }
}

header {
  stamp {
    sec: 70
    nsec: 450000000
  }
  data {
    key: "frame_id"
    value: "vehicle_blue/odom"
  }
  data {
    key: "child_frame_id"
    value: "vehicle_blue/chassis"
  }
}
pose {
  position {
    x: -0.090450416901840872
    y: 1.9953795289523497
  }
  orientation {
    z: 0.99990089711733654
    w: -0.014078208122681327
  }
}
twist {
  linear {
    x: 0.49999999999867928
  }
  angular {
    z: 0.50000000000093081
  }
}

header {
  stamp {
    sec: 70
    nsec: 500000000
  }
  data {
    key: "frame_id"
    value: "vehicle_blue/odom"
  }
  data {
    key: "child_frame_id"
    value: "vehicle_blue/chassis"
  }
}
pose {
  position {
    x: -0.11542910650166768
    y: 1.9943634017619261
  }
  orientation {
    z: 0.9996468078580758
    w: -0.026575544004953208
  }
}
twist {
  linear {
    x: 0.49999999999867928
  }
  angular {
    z: 0.50000000000093081
  }
}

header {
  stamp {
    sec: 70
    nsec: 550000000
  }
  data {
    key: "frame_id"
    value: "vehicle_blue/odom"
  }
  data {
    key: "child_frame_id"
    value: "vehicle_blue/chassis"
  }
}
pose {
  position {
    x: -0.14037459013386147
    y: 1.9927231899013547
  }
  orientation {
    z: 0.9992365258188628
    w: -0.03906872751254211
  }
}
twist {
  linear {
    x: 0.49999999999867928
  }
  angular {
    z: 0.50000000000093081
  }
}

header {
  stamp {
    sec: 70
    nsec: 600000000
  }
  data {
    key: "frame_id"
    value: "vehicle_blue/odom"
  }
  data {
    key: "child_frame_id"
    value: "vehicle_blue/chassis"
  }
}
pose {
  position {
    x: -0.16527127768316283
    y: 1.9904599184496532
  }
  orientation {
    z: 0.99867011510543113
    w: -0.051555806610942251
  }
}
twist {
  linear {
    x: 0.49999999999867928
  }
  angular {
    z: 0.50000000000093081
  }
}

header {
  stamp {
    sec: 70
    nsec: 650000000
  }
  data {
    key: "frame_id"
    value: "vehicle_blue/odom"
  }
  data {
    key: "child_frame_id"
    value: "vehicle_blue/chassis"
  }
}
pose {
  position {
    x: -0.19010360953027516
    y: 1.9875750018778096
  }
  orientation {
    z: 0.99794766421830272
    w: -0.064034830219449418
  }
}
twist {
  linear {
    x: 0.49999999999867928
  }
  angular {
    z: 0.50000000000093081
  }
}

header {
  stamp {
    sec: 70
    nsec: 700000000
  }
  data {
    key: "frame_id"
    value: "vehicle_blue/odom"
  }
  data {
    key: "child_frame_id"
    value: "vehicle_blue/chassis"
  }
}
pose {
  position {
    x: -0.21485606627611784
    y: 1.9840702431647703
  }
  orientation {
    z: 0.99706928603895861
    w: -0.076503848516015271
  }
}
twist {
  linear {
    x: 0.49999999999861267
  }
  angular {
    z: 0.50000000000103739
  }
}

header {
  stamp {
    sec: 70
    nsec: 750000000
  }
  data {
    key: "frame_id"
    value: "vehicle_blue/odom"
  }
  data {
    key: "child_frame_id"
    value: "vehicle_blue/chassis"
  }
}
pose {
  position {
    x: -0.23951317844095496
    y: 1.9799478326706481
  }
  orientation {
    z: 0.99603511781220222
    w: -0.088960913241897338
  }
}
twist {
  linear {
    x: 0.49999999999861267
  }
  angular {
    z: 0.50000000000103739
  }
}

header {
  stamp {
    sec: 70
    nsec: 800000000
  }
  data {
    key: "frame_id"
    value: "vehicle_blue/odom"
  }
  data {
    key: "child_frame_id"
    value: "vehicle_blue/chassis"
  }
}
pose {
  position {
    x: -0.26405953613230754
    y: 1.975210346767811
  }
  orientation {
    z: 0.99484532112471524
    w: -0.10140407800607579
  }
}
twist {
  linear {
    x: 0.49999999999861267
  }
  angular {
    z: 0.50000000000103739
  }
}

header {
  stamp {
    sec: 70
    nsec: 850000000
  }
  data {
    key: "frame_id"
    value: "vehicle_blue/odom"
  }
  data {
    key: "child_frame_id"
    value: "vehicle_blue/chassis"
  }
}
pose {
  position {
    x: -0.28847979867563667
    y: 1.969860746230736
  }
  orientation {
    z: 0.99350008187980932
    w: -0.11383139858937158
  }
}
twist {
  linear {
    x: 0.49999999999862377
  }
  angular {
    z: 0.50000000000101963
  }
}

header {
  stamp {
    sec: 70
    nsec: 900000000
  }
  data {
    key: "frame_id"
    value: "vehicle_blue/odom"
  }
  data {
    key: "child_frame_id"
    value: "vehicle_blue/chassis"
  }
}
pose {
  position {
    x: -0.31275870420176294
    y: 1.9639023743856248
  }
  orientation {
    z: 0.99199961026837968
    w: -0.12624093324822505
  }
}
twist {
  linear {
    x: 0.49999999999861267
  }
  angular {
    z: 0.50000000000103739
  }
}

header {
  stamp {
    sec: 70
    nsec: 950000000
  }
  data {
    key: "frame_id"
    value: "vehicle_blue/odom"
  }
  data {
    key: "child_frame_id"
    value: "vehicle_blue/chassis"
  }
}
pose {
  position {
    x: -0.33688107918504889
    y: 1.9573389550209226
  }
  orientation {
    z: 0.990344140736063
    w: -0.13863074301809494
  }
}
twist {
  linear {
    x: 0.49999999999861267
  }
  angular {
    z: 0.50000000000103739
  }
}

header {
  stamp {
    sec: 71
  }
  data {
    key: "frame_id"
    value: "vehicle_blue/odom"
  }
  data {
    key: "child_frame_id"
    value: "vehicle_blue/chassis"
  }
}
pose {
  position {
    x: -0.36083184792634659
    y: 1.9501745900600895
  }
  orientation {
    z: 0.98853393194660555
    w: -0.15099889201641167
  }
}
twist {
  linear {
    x: 0.49999999999861267
  }
  angular {
    z: 0.50000000000103739
  }
}

header {
  stamp {
    sec: 71
    nsec: 50000000
  }
  data {
    key: "frame_id"
    value: "vehicle_blue/odom"
  }
  data {
    key: "child_frame_id"
    value: "vehicle_blue/chassis"
  }
}
pose {
  position {
    x: -0.38459604197482489
    y: 1.9424137569980098
  }
  orientation {
    z: 0.98656926674144774
    w: -0.16334344774505713
  }
}
twist {
  linear {
    x: 0.49999999999861267
  }
  angular {
    z: 0.50000000000103739
  }
}

header {
  stamp {
    sec: 71
    nsec: 100000000
  }
  data {
    key: "frame_id"
    value: "vehicle_blue/odom"
  }
  data {
    key: "child_frame_id"
    value: "vehicle_blue/chassis"
  }
}
pose {
  position {
    x: -0.4081588094827609
    y: 1.9340613061027256
  }
  orientation {
    z: 0.98445045209553084
    w: -0.17566248139231375
  }
}
twist {
  linear {
    x: 0.49999999999861267
  }
  angular {
    z: 0.50000000000103739
  }
}

header {
  stamp {
    sec: 71
    nsec: 150000000
  }
  data {
    key: "frame_id"
    value: "vehicle_blue/odom"
  }
  data {
    key: "child_frame_id"
    value: "vehicle_blue/chassis"
  }
}
pose {
  position {
    x: -0.43150542448746237
    y: 1.9251224573841592
  }
  orientation {
    z: 0.98217781906933255
    w: -0.18795406813423704
  }
}
twist {
  linear {
    x: 0.49999999999861267
  }
  angular {
    z: 0.50000000000103739
  }
}

header {
  stamp {
    sec: 71
    nsec: 200000000
  }
  data {
    key: "frame_id"
    value: "vehicle_blue/odom"
  }
  data {
    key: "child_frame_id"
    value: "vehicle_blue/chassis"
  }
}
pose {
  position {
    x: -0.45462129611451835
    y: 1.9156027973317906
  }
  orientation {
    z: 0.97975172275713962
    w: -0.20021628743540582
  }
}
twist {
  linear {
    x: 0.49999999999861267
  }
  angular {
    z: 0.50000000000103739
  }
}

header {
  stamp {
    sec: 71
    nsec: 250000000
  }
  data {
    key: "frame_id"
    value: "vehicle_blue/odom"
  }
  data {
    key: "child_frame_id"
    value: "vehicle_blue/chassis"
  }
}
pose {
  position {
    x: -0.47749197769661433
    y: 1.9055082754232711
  }
  orientation {
    z: 0.97717254223156491
    w: -0.21244722334900162
  }
}
twist {
  linear {
    x: 0.49999999999861267
  }
  angular {
    z: 0.50000000000103739
  }
}

header {
  stamp {
    sec: 71
    nsec: 300000000
  }
  data {
    key: "frame_id"
    value: "vehicle_blue/odom"
  }
  data {
    key: "child_frame_id"
    value: "vehicle_blue/chassis"
  }
}
pose {
  position {
    x: -0.500103175802235
    y: 1.8948452004062075
  }
  orientation {
    z: 0.9744406804843182
    w: -0.2246449648161718
  }
}
twist {
  linear {
    x: 0.49999999999861267
  }
  angular {
    z: 0.50000000000103739
  }
}

header {
  stamp {
    sec: 71
    nsec: 350000000
  }
  data {
    key: "frame_id"
    value: "vehicle_blue/odom"
  }
  data {
    key: "child_frame_id"
    value: "vehicle_blue/chassis"
  }
}
pose {
  position {
    x: -0.52244075916859045
    y: 1.8836202363553818
  }
  orientation {
    z: 0.97155656436323945
    w: -0.23680760596462821
  }
}
twist {
  linear {
    x: 0.49999999999861267
  }
  angular {
    z: 0.50000000000103739
  }
}

header {
  stamp {
    sec: 71
    nsec: 400000000
  }
  data {
    key: "frame_id"
    value: "vehicle_blue/odom"
  }
  data {
    key: "child_frame_id"
    value: "vehicle_blue/chassis"
  }
}
pose {
  position {
    x: -0.54449076753319636
    y: 1.8718403985079417
  }
  orientation {
    z: 0.968520644505605
    w: -0.24893324640643635
  }
}
twist {
  linear {
    x: 0.49999999999861267
  }
  angular {
    z: 0.50000000000103739
  }
}

header {
  stamp {
    sec: 71
    nsec: 450000000
  }
  data {
    key: "frame_id"
    value: "vehicle_blue/odom"
  }
  data {
    key: "child_frame_id"
    value: "vehicle_blue/chassis"
  }
}
pose {
  position {
    x: -0.5662394203585831
    y: 1.8595130488790881
  }
  orientation {
    z: 0.965333395267716
    w: -0.26101999153494665
  }
}
twist {
  linear {
    x: 0.49999999999861267
  }
  angular {
    z: 0.50000000000103739
  }
}

header {
  stamp {
    sec: 71
    nsec: 500000000
  }
  data {
    key: "frame_id"
    value: "vehicle_blue/odom"
  }
  data {
    key: "child_frame_id"
    value: "vehicle_blue/chassis"
  }
}
pose {
  position {
    x: -0.58767312544468309
    y: 1.8466458916610704
  }
  orientation {
    z: 0.96199531465078147
    w: -0.2730659528208233
  }
}
twist {
  linear {
    x: 0.49999999999861267
  }
  angular {
    z: 0.50000000000103739
  }
}

header {
  stamp {
    sec: 71
    nsec: 550000000
  }
  data {
    key: "frame_id"
    value: "vehicle_blue/odom"
  }
  data {
    key: "child_frame_id"
    value: "vehicle_blue/chassis"
  }
}
pose {
  position {
    x: -0.60877848742351837
    y: 1.8332469684083019
  }
  orientation {
    z: 0.95850692422310635
    w: -0.28506924810712264
  }
}
twist {
  linear {
    x: 0.49999999999861267
  }
  angular {
    z: 0.50000000000103739
  }
}

header {
  stamp {
    sec: 71
    nsec: 600000000
  }
  data {
    key: "frame_id"
    value: "vehicle_blue/odom"
  }
  data {
    key: "child_frame_id"
    value: "vehicle_blue/chassis"
  }
}
pose {
  position {
    x: -0.62954231613085887
    y: 1.8193246530116658
  }
  orientation {
    z: 0.95486876903859808
    w: -0.29702800190337697
  }
}
twist {
  linear {
    x: 0.49999999999861267
  }
  angular {
    z: 0.50000000000103739
  }
}

header {
  stamp {
    sec: 71
    nsec: 650000000
  }
  data {
    key: "frame_id"
    value: "vehicle_blue/odom"
  }
  data {
    key: "child_frame_id"
    value: "vehicle_blue/chassis"
  }
}
pose {
  position {
    x: -0.64995163484965257
    y: 1.8048876464650905
  }
  orientation {
    z: 0.95108141755160225
    w: -0.3089403456786356
  }
}
twist {
  linear {
    x: 0.49999999999861267
  }
  angular {
    z: 0.50000000000103739
  }
}

header {
  stamp {
    sec: 71
    nsec: 700000000
  }
  data {
    key: "frame_id"
    value: "vehicle_blue/odom"
  }
  data {
    key: "child_frame_id"
    value: "vehicle_blue/chassis"
  }
}
pose {
  position {
    x: -0.6699936884200548
    y: 1.7899449714277254
  }
  orientation {
    z: 0.94714546152808343
    w: -0.3208044181534192
  }
}
twist {
  linear {
    x: 0.49999999999861267
  }
  angular {
    z: 0.50000000000103739
  }
}

header {
  stamp {
    sec: 71
    nsec: 750000000
  }
  data {
    key: "frame_id"
    value: "vehicle_blue/odom"
  }
  data {
    key: "child_frame_id"
    value: "vehicle_blue/chassis"
  }
}
pose {
  position {
    x: -0.68965595121098111
    y: 1.774505966585062
  }
  orientation {
    z: 0.94306151595316268
    w: -0.332618365590541
  }
}
twist {
  linear {
    x: 0.49999999999861267
  }
  angular {
    z: 0.50000000000103739
  }
}

header {
  stamp {
    sec: 71
    nsec: 800000000
  }
  data {
    key: "frame_id"
    value: "vehicle_blue/odom"
  }
  data {
    key: "child_frame_id"
    value: "vehicle_blue/chassis"
  }
}
pose {
  position {
    x: -0.70892613494821866
    y: 1.758580280812567
  }
  orientation {
    z: 0.93883021893502716
    w: -0.34438034208474932
  }
}
twist {
  linear {
    x: 0.49999999999861267
  }
  angular {
    z: 0.50000000000103739
  }
}

header {
  stamp {
    sec: 71
    nsec: 850000000
  }
  data {
    key: "frame_id"
    value: "vehicle_blue/odom"
  }
  data {
    key: "child_frame_id"
    value: "vehicle_blue/chassis"
  }
}
pose {
  position {
    x: -0.727792196394206
    y: 1.7421778671454446
  }
  orientation {
    z: 0.9344522316052275
    w: -0.35608850985114671
  }
}
twist {
  linear {
    x: 0.49999999999861267
  }
  angular {
    z: 0.50000000000103739
  }
}

header {
  stamp {
    sec: 71
    nsec: 900000000
  }
  data {
    key: "frame_id"
    value: "vehicle_blue/odom"
  }
  data {
    key: "child_frame_id"
    value: "vehicle_blue/chassis"
  }
}
pose {
  position {
    x: -0.74624234487465557
    y: 1.7253089765583134
  }
  orientation {
    z: 0.92992823801537716
    w: -0.36774103951233977
  }
}
twist {
  linear {
    x: 0.49999999999861267
  }
  angular {
    z: 0.50000000000103739
  }
}

header {
  stamp {
    sec: 71
    nsec: 950000000
  }
  data {
    key: "frame_id"
    value: "vehicle_blue/odom"
  }
  data {
    key: "child_frame_id"
    value: "vehicle_blue/chassis"
  }
}
pose {
  position {
    x: -0.76426504964734265
    y: 1.7079841515586875
  }
  orientation {
    z: 0.92525894503027017
    w: -0.37933611038427595
  }
}
twist {
  linear {
    x: 0.49999999999861267
  }
  angular {
    z: 0.50000000000103739
  }
}

header {
  stamp {
    sec: 72
  }
  data {
    key: "frame_id"
    value: "vehicle_blue/odom"
  }
  data {
    key: "child_frame_id"
    value: "vehicle_blue/chassis"
  }
}
pose {
  position {
    x: -0.7818490471084536
    y: 1.6902142195982417
  }
  orientation {
    z: 0.920445082217436
    w: -0.39087191076072164
  }
}
twist {
  linear {
    x: 0.49999999999861267
  }
  angular {
    z: 0.50000000000103739
  }
}

header {
  stamp {
    sec: 72
    nsec: 50000000
  }
  data {
    key: "frame_id"
    value: "vehicle_blue/odom"
  }
  data {
    key: "child_frame_id"
    value: "vehicle_blue/chassis"
  }
}
pose {
  position {
    x: -0.79898334783195468
    y: 1.6720102863060153
  }
  orientation {
    z: 0.91548740173314536
    w: -0.40234663819633748
  }
}
twist {
  linear {
    x: 0.49999999999861267
  }
  angular {
    z: 0.50000000000103739
  }
}

header {
  stamp {
    sec: 72
    nsec: 100000000
  }
  data {
    key: "frame_id"
    value: "vehicle_blue/odom"
  }
  data {
    key: "child_frame_id"
    value: "vehicle_blue/chassis"
  }
}
pose {
  position {
    x: -0.81565724343764046
    y: 1.6533837285477551
  }
  orientation {
    z: 0.91038667820488761
    w: -0.41375849978830703
  }
}
twist {
  linear {
    x: 0.49999999999861267
  }
  angular {
    z: 0.50000000000103739
  }
}

header {
  stamp {
    sec: 72
    nsec: 150000000
  }
  data {
    key: "frame_id"
    value: "vehicle_blue/odom"
  }
  data {
    key: "child_frame_id"
    value: "vehicle_blue/chassis"
  }
}
pose {
  position {
    x: -0.83186031328352683
    y: 1.6343461873157246
  }
  orientation {
    z: 0.90514370861033355
    w: -0.42510571245648027
  }
}
twist {
  linear {
    x: 0.49999999999861267
  }
  angular {
    z: 0.50000000000103739
  }
}

header {
  stamp {
    sec: 72
    nsec: 200000000
  }
  data {
    key: "frame_id"
    value: "vehicle_blue/odom"
  }
  data {
    key: "child_frame_id"
    value: "vehicle_blue/chassis"
  }
}
pose {
  position {
    x: -0.84758243097838171
    y: 1.6149095604535058
  }
  orientation {
    z: 0.89975931215281757
    w: -0.43638650322195871
  }
}
twist {
  linear {
    x: 0.49999999999861267
  }
  angular {
    z: 0.50000000000103739
  }
}

header {
  stamp {
    sec: 72
    nsec: 250000000
  }
  data {
    key: "frame_id"
    value: "vehicle_blue/odom"
  }
  data {
    key: "child_frame_id"
    value: "vehicle_blue/chassis"
  }
}
pose {
  position {
    x: -0.86281377071042553
    y: 1.5950859952202
  }
  orientation {
    z: 0.89423433013333253
    w: -0.44759910948413439
  }
}
twist {
  linear {
    x: 0.49999999999861267
  }
  angular {
    z: 0.50000000000103739
  }
}

header {
  stamp {
    sec: 72
    nsec: 300000000
  }
  data {
    key: "frame_id"
    value: "vehicle_blue/odom"
  }
  data {
    key: "child_frame_id"
    value: "vehicle_blue/chassis"
  }
}
pose {
  position {
    x: -0.8775448133881224
    y: 1.5748878806987907
  }
  orientation {
    z: 0.88856962581907828
    w: -0.45874177929609072
  }
}
twist {
  linear {
    x: 0.49999999999861267
  }
  angular {
    z: 0.50000000000103739
  }
}

header {
  stamp {
    sec: 72
    nsec: 350000000
  }
  data {
    key: "frame_id"
    value: "vehicle_blue/odom"
  }
  data {
    key: "child_frame_id"
    value: "vehicle_blue/chassis"
  }
}
pose {
  position {
    x: -0.89176635258931791
    y: 1.5543278400533793
  }
  orientation {
    z: 0.88276608430857917
    w: -0.4698127716383394
  }
}
twist {
  linear {
    x: 0.49999999999861267
  }
  angular {
    z: 0.50000000000103739
  }
}

header {
  stamp {
    sec: 72
    nsec: 400000000
  }
  data {
    key: "frame_id"
    value: "vehicle_blue/odom"
  }
  data {
    key: "child_frame_id"
    value: "vehicle_blue/chassis"
  }
}
pose {
  position {
    x: -0.90546950031494078
    y: 1.5334187226401126
  }
  orientation {
    z: 0.876824612393389
    w: -0.4808103566908507
  }
}
twist {
  linear {
    x: 0.49999999999861267
  }
  angular {
    z: 0.50000000000103739
  }
}

header {
  stamp {
    sec: 72
    nsec: 450000000
  }
  data {
    key: "frame_id"
    value: "vehicle_blue/odom"
  }
  data {
    key: "child_frame_id"
    value: "vehicle_blue/chassis"
  }
}
pose {
  position {
    x: -0.91864569254371975
    y: 1.5121735959767495
  }
  orientation {
    z: 0.87074613841640669
    w: -0.4917328161033348
  }
}
twist {
  linear {
    x: 0.49999999999861267
  }
  angular {
    z: 0.50000000000103739
  }
}

header {
  stamp {
    sec: 72
    nsec: 500000000
  }
  data {
    key: "frame_id"
    value: "vehicle_blue/odom"
  }
  data {
    key: "child_frame_id"
    value: "vehicle_blue/chassis"
  }
}
pose {
  position {
    x: -0.9312866945844156
    y: 1.4906057375758965
  }
  orientation {
    z: 0.86453161212682428
    w: -0.50257844326373
  }
}
twist {
  linear {
    x: 0.49999999999861267
  }
  angular {
    z: 0.50000000000103739
  }
}

header {
  stamp {
    sec: 72
    nsec: 550000000
  }
  data {
    key: "frame_id"
    value: "vehicle_blue/odom"
  }
  data {
    key: "child_frame_id"
    value: "vehicle_blue/chassis"
  }
}
pose {
  position {
    x: -0.9433846062222343
    y: 1.4687286266469923
  }
  orientation {
    z: 0.85818200453173121
    w: -0.51334554356485806
  }
}
twist {
  linear {
    x: 0.49999999999861267
  }
  angular {
    z: 0.50000000000103739
  }
}

header {
  stamp {
    sec: 72
    nsec: 600000000
  }
  data {
    key: "frame_id"
    value: "vehicle_blue/odom"
  }
  data {
    key: "child_frame_id"
    value: "vehicle_blue/chassis"
  }
}
pose {
  position {
    x: -0.95493186665620766
    y: 1.4465559356722351
  }
  orientation {
    z: 0.85169830774439625
    w: -0.52403243466920246
  }
}
twist {
  linear {
    x: 0.49999999999861267
  }
  angular {
    z: 0.50000000000103739
  }
}

header {
  stamp {
    sec: 72
    nsec: 650000000
  }
  data {
    key: "frame_id"
    value: "vehicle_blue/odom"
  }
  data {
    key: "child_frame_id"
    value: "vehicle_blue/chassis"
  }
}
pose {
  position {
    x: -0.965921259224442
    y: 1.4241015218617334
  }
  orientation {
    z: 0.84508153482925086
    w: -0.53463744677177039
  }
}
twist {
  linear {
    x: 0.49999999999861267
  }
  angular {
    z: 0.50000000000103739
  }
}

header {
  stamp {
    sec: 72
    nsec: 700000000
  }
  data {
    key: "frame_id"
    value: "vehicle_blue/odom"
  }
  data {
    key: "child_frame_id"
    value: "vehicle_blue/chassis"
  }
}
pose {
  position {
    x: -0.97634591591430475
    y: 1.4013794184931947
  }
  orientation {
    z: 0.83833271964360168
    w: -0.54515892286099688
  }
}
twist {
  linear {
    x: 0.49999999999861267
  }
  angular {
    z: 0.50000000000103739
  }
}

header {
  stamp {
    sec: 72
    nsec: 750000000
  }
  data {
    key: "frame_id"
    value: "vehicle_blue/odom"
  }
  data {
    key: "child_frame_id"
    value: "vehicle_blue/chassis"
  }
}
pose {
  position {
    x: -0.98619932165469937
    y: 1.3784038261415881
  }
  orientation {
    z: 0.83145291667609089
    w: -0.55559521897764874
  }
}
twist {
  linear {
    x: 0.49999999999861267
  }
  angular {
    z: 0.50000000000103739
  }
}

header {
  stamp {
    sec: 72
    nsec: 800000000
  }
  data {
    key: "frame_id"
    value: "vehicle_blue/odom"
  }
  data {
    key: "child_frame_id"
    value: "vehicle_blue/chassis"
  }
}
pose {
  position {
    x: -0.99547531838778269
    y: 1.3551891038042458
  }
  orientation {
    z: 0.82444320088193523
    w: -0.56594470447169043
  }
}
twist {
  linear {
    x: 0.49999999999861267
  }
  angular {
    z: 0.50000000000103739
  }
}

header {
  stamp {
    sec: 72
    nsec: 850000000
  }
  data {
    key: "frame_id"
    value: "vehicle_blue/odom"
  }
  data {
    key: "child_frame_id"
    value: "vehicle_blue/chassis"
  }
}
pose {
  position {
    x: -1.0041681089175409
    y: 1.3317497599269568
  }
  orientation {
    z: 0.81730466751496633
    w: -0.57620576225706943
  }
}
twist {
  linear {
    x: 0.49999999999861267
  }
  angular {
    z: 0.50000000000103739
  }
}

header {
  stamp {
    sec: 72
    nsec: 900000000
  }
  data {
    key: "frame_id"
    value: "vehicle_blue/odom"
  }
  data {
    key: "child_frame_id"
    value: "vehicle_blue/chassis"
  }
}
pose {
  position {
    x: -1.0122722605328567
    y: 1.3081004433366612
  }
  orientation {
    z: 0.81003843195649949
    w: -0.58637678906438273
  }
}
twist {
  linear {
    x: 0.49999999999861267
  }
  angular {
    z: 0.50000000000103739
  }
}

header {
  stamp {
    sec: 72
    nsec: 950000000
  }
  data {
    key: "frame_id"
    value: "vehicle_blue/odom"
  }
  data {
    key: "child_frame_id"
    value: "vehicle_blue/chassis"
  }
}
pose {
  position {
    x: -1.0197827084027724
    y: 1.2842559340864086
  }
  orientation {
    z: 0.80264562954105756
    w: -0.59645619569138464
  }
}
twist {
  linear {
    x: 0.49999999999861267
  }
  angular {
    z: 0.50000000000103739
  }
}

header {
  stamp {
    sec: 73
  }
  data {
    key: "frame_id"
    value: "vehicle_blue/odom"
  }
  data {
    key: "child_frame_id"
    value: "vehicle_blue/chassis"
  }
}
pose {
  position {
    x: -1.0266947587418449
    y: 1.2602311342183095
  }
  orientation {
    z: 0.79512741537897746
    w: -0.60644240725129628
  }
}
twist {
  linear {
    x: 0.49999999999861267
  }
  angular {
    z: 0.50000000000103739
  }
}

header {
  stamp {
    sec: 73
    nsec: 50000000
  }
  data {
    key: "frame_id"
    value: "vehicle_blue/odom"
  }
  data {
    key: "child_frame_id"
    value: "vehicle_blue/chassis"
  }
}
pose {
  position {
    x: -1.0330040917436083
    y: 1.2360410584502408
  }
  orientation {
    z: 0.78748496417592651
    w: -0.61633386341887786
  }
}
twist {
  linear {
    x: 0.49999999999856826
  }
  angular {
    z: 0.50000000000096634
  }
}

header {
  stamp {
    sec: 73
    nsec: 100000000
  }
  data {
    key: "frame_id"
    value: "vehicle_blue/odom"
  }
  data {
    key: "child_frame_id"
    value: "vehicle_blue/chassis"
  }
}
pose {
  position {
    x: -1.0387067642803141
    y: 1.211700824792135
  }
  orientation {
    z: 0.77971947004935593
    w: -0.62612901867422788
  }
}
twist {
  linear {
    x: 0.49999999999861267
  }
  angular {
    z: 0.50000000000103739
  }
}

header {
  stamp {
    sec: 73
    nsec: 150000000
  }
  data {
    key: "frame_id"
    value: "vehicle_blue/odom"
  }
  data {
    key: "child_frame_id"
    value: "vehicle_blue/chassis"
  }
}
pose {
  position {
    x: -1.0437992123672577
    y: 1.1872256450977212
  }
  orientation {
    z: 0.77183214634192454
    w: -0.63582634254426573
  }
}
twist {
  linear {
    x: 0.49999999999861267
  }
  angular {
    z: 0.50000000000103739
  }
}

header {
  stamp {
    sec: 73
    nsec: 200000000
  }
  data {
    key: "frame_id"
    value: "vehicle_blue/odom"
  }
  data {
    key: "child_frame_id"
    value: "vehicle_blue/chassis"
  }
}
pose {
  position {
    x: -1.0482782533901507
    y: 1.1626308155576068
  }
  orientation {
    z: 0.76382422543191508
    w: -0.64542431984186577
  }
}
twist {
  linear {
    x: 0.49999999999861267
  }
  angular {
    z: 0.50000000000103739
  }
}

header {
  stamp {
    sec: 73
    nsec: 250000000
  }
  data {
    key: "frame_id"
    value: "vehicle_blue/odom"
  }
  data {
    key: "child_frame_id"
    value: "vehicle_blue/chassis"
  }
}
pose {
  position {
    x: -1.0521410880941524
    y: 1.1379317071396582
  }
  orientation {
    z: 0.75569695854067742
    w: -0.65492145090260234
  }
}
twist {
  linear {
    x: 0.49999999999861267
  }
  angular {
    z: 0.50000000000103739
  }
}

header {
  stamp {
    sec: 73
    nsec: 300000000
  }
  data {
    key: "frame_id"
    value: "vehicle_blue/odom"
  }
  data {
    key: "child_frame_id"
    value: "vehicle_blue/chassis"
  }
}
pose {
  position {
    x: -1.0553853023333144
    y: 1.1131437559826443
  }
  orientation {
    z: 0.74745161553712858
    w: -0.664316251819069
  }
}
twist {
  linear {
    x: 0.49999999999861267
  }
  angular {
    z: 0.50000000000103739
  }
}

header {
  stamp {
    sec: 73
    nsec: 350000000
  }
  data {
    key: "frame_id"
    value: "vehicle_blue/odom"
  }
  data {
    key: "child_frame_id"
    value: "vehicle_blue/chassis"
  }
}
pose {
  position {
    x: -1.05800886857934
    y: 1.0882824537491569
  }
  orientation {
    z: 0.73908948473933767
    w: -0.67360725467273608
  }
}
twist {
  linear {
    x: 0.49999999999861267
  }
  angular {
    z: 0.50000000000103739
  }
}

header {
  stamp {
    sec: 73
    nsec: 400000000
  }
  data {
    key: "frame_id"
    value: "vehicle_blue/odom"
  }
  data {
    key: "child_frame_id"
    value: "vehicle_blue/chassis"
  }
}
pose {
  position {
    x: -1.0600101471887278
    y: 1.0633633379438221
  }
  orientation {
    z: 0.73061187271322925
    w: -0.68279300776331042
  }
}
twist {
  linear {
    x: 0.49999999999861267
  }
  angular {
    z: 0.50000000000103739
  }
}

header {
  stamp {
    sec: 73
    nsec: 450000000
  }
  data {
    key: "frame_id"
    value: "vehicle_blue/odom"
  }
  data {
    key: "child_frame_id"
    value: "vehicle_blue/chassis"
  }
}
pose {
  position {
    x: -1.0613878874274887
    y: 1.0384019822028665
  }
  orientation {
    z: 0.72202010406843475
    w: -0.69187207583555987
  }
}
twist {
  linear {
    x: 0.49999999999861267
  }
  angular {
    z: 0.50000000000103739
  }
}

header {
  stamp {
    sec: 73
    nsec: 500000000
  }
  data {
    key: "frame_id"
    value: "vehicle_blue/odom"
  }
  data {
    key: "child_frame_id"
    value: "vehicle_blue/chassis"
  }
}
pose {
  position {
    x: -1.062141228252824
    y: 1.0134139865610996
  }
  orientation {
    z: 0.71331552125132491
    w: -0.70084304030356948
  }
}
twist {
  linear {
    x: 0.49999999999861267
  }
  angular {
    z: 0.50000000000103739
  }
}

header {
  stamp {
    sec: 73
    nsec: 550000000
  }
  data {
    key: "frame_id"
    value: "vehicle_blue/odom"
  }
  data {
    key: "child_frame_id"
    value: "vehicle_blue/chassis"
  }
}
pose {
  position {
    x: -1.0622696988512379
    y: 0.98841496770240389
  }
  orientation {
    z: 0.70449948433525555
    w: -0.70970449947239245
  }
}
twist {
  linear {
    x: 0.49999999999861267
  }
  angular {
    z: 0.50000000000103739
  }
}

header {
  stamp {
    sec: 73
    nsec: 600000000
  }
  data {
    key: "frame_id"
    value: "vehicle_blue/odom"
  }
  data {
    key: "child_frame_id"
    value: "vehicle_blue/chassis"
  }
}
pose {
  position {
    x: -1.0617732189327886
    y: 0.96342054919981335
  }
  orientation {
    z: 0.69557337080805859
    w: -0.71845506875706222
  }
}
twist {
  linear {
    x: 0.49999999999861267
  }
  angular {
    z: 0.50000000000103739
  }
}

header {
  stamp {
    sec: 73
    nsec: 650000000
  }
  data {
    key: "frame_id"
    value: "vehicle_blue/odom"
  }
  data {
    key: "child_frame_id"
    value: "vehicle_blue/chassis"
  }
}
pose {
  position {
    x: -1.0606520987812647
    y: 0.93844635175128843
  }
  orientation {
    z: 0.68653857535681273
    w: -0.72709338089893116
  }
}
twist {
  linear {
    x: 0.49999999999861267
  }
  angular {
    z: 0.50000000000103739
  }
}

header {
  stamp {
    sec: 73
    nsec: 700000000
  }
  data {
    key: "frame_id"
    value: "vehicle_blue/odom"
  }
  data {
    key: "child_frame_id"
    value: "vehicle_blue/chassis"
  }
}
pose {
  position {
    x: -1.058907039060266
    y: 0.91350798341728878
  }
  orientation {
    z: 0.6773965096499257
    w: -0.73561808617930147
  }
}
twist {
  linear {
    x: 0.49999999999861267
  }
  angular {
    z: 0.50000000000103739
  }
}

header {
  stamp {
    sec: 73
    nsec: 750000000
  }
  data {
    key: "frame_id"
    value: "vehicle_blue/odom"
  }
  data {
    key: "child_frame_id"
    value: "vehicle_blue/chassis"
  }
}
pose {
  position {
    x: -1.0565391303753147
    y: 0.88862102986624514
  }
  orientation {
    z: 0.66814860211656479
    w: -0.74402785263031679
  }
}
twist {
  linear {
    x: 0.49999999999861267
  }
  angular {
    z: 0.50000000000103739
  }
}

header {
  stamp {
    sec: 73
    nsec: 800000000
  }
  data {
    key: "frame_id"
    value: "vehicle_blue/odom"
  }
  data {
    key: "child_frame_id"
    value: "vehicle_blue/chassis"
  }
}
pose {
  position {
    x: -1.0535498525922593
    y: 0.86380104463402152
  }
  orientation {
    z: 0.65879629772346759
    w: -0.75232136624307866
  }
}
twist {
  linear {
    x: 0.49999999999861267
  }
  angular {
    z: 0.50000000000103739
  }
}

header {
  stamp {
    sec: 73
    nsec: 850000000
  }
  data {
    key: "frame_id"
    value: "vehicle_blue/odom"
  }
  data {
    key: "child_frame_id"
    value: "vehicle_blue/chassis"
  }
}
pose {
  position {
    x: -1.0499410739124104
    y: 0.83906353940346234
  }
  orientation {
    z: 0.64934105774916784
    w: -0.760497331172958
  }
}
twist {
  linear {
    x: 0.49999999999861267
  }
  angular {
    z: 0.50000000000103739
  }
}

header {
  stamp {
    sec: 73
    nsec: 900000000
  }
  data {
    key: "frame_id"
    value: "vehicle_blue/odom"
  }
  data {
    key: "child_frame_id"
    value: "vehicle_blue/chassis"
  }
}
pose {
  position {
    x: -1.0457150497049716
    y: 0.81442397431009683
  }
  orientation {
    z: 0.63978435955567525
    w: -0.76855446994206889
  }
}
twist {
  linear {
    x: 0.49999999999861267
  }
  angular {
    z: 0.50000000000103739
  }
}

header {
  stamp {
    sec: 73
    nsec: 950000000
  }
  data {
    key: "frame_id"
    value: "vehicle_blue/odom"
  }
  data {
    key: "child_frame_id"
    value: "vehicle_blue/chassis"
  }
}
pose {
  position {
    x: -1.0408744210975087
    y: 0.78989774828005566
  }
  orientation {
    z: 0.63012769635763932
    w: -0.77649152363887064
  }
}
twist {
  linear {
    x: 0.49999999999861267
  }
  angular {
    z: 0.50000000000103739
  }
}

header {
  stamp {
    sec: 74
  }
  data {
    key: "frame_id"
    value: "vehicle_blue/odom"
  }
  data {
    key: "child_frame_id"
    value: "vehicle_blue/chassis"
  }
}
pose {
  position {
    x: -1.0354222133253328
    y: 0.7655001894062442
  }
  orientation {
    z: 0.62037257698903847
    w: -0.784307252114871
  }
}
twist {
  linear {
    x: 0.49999999999861267
  }
  angular {
    z: 0.50000000000103739
  }
}

header {
  stamp {
    sec: 74
    nsec: 50000000
  }
  data {
    key: "frame_id"
    value: "vehicle_blue/odom"
  }
  data {
    key: "child_frame_id"
    value: "vehicle_blue/chassis"
  }
}
pose {
  position {
    x: -1.0293618338408257
    y: 0.74124654536878753
  }
  orientation {
    z: 0.61052052566742854
    w: -0.79200043417839538
  }
}
twist {
  linear {
    x: 0.49999999999860156
  }
  angular {
    z: 0.50000000000105516
  }
}

header {
  stamp {
    sec: 74
    nsec: 100000000
  }
  data {
    key: "frame_id"
    value: "vehicle_blue/odom"
  }
  data {
    key: "child_frame_id"
    value: "vehicle_blue/chassis"
  }
}
pose {
  position {
    x: -1.0226970701838951
    y: 0.71715197390572938
  }
  orientation {
    z: 0.600573081755789
    w: -0.79956986778539518
  }
}
twist {
  linear {
    x: 0.49999999999861267
  }
  angular {
    z: 0.50000000000103739
  }
}

header {
  stamp {
    sec: 74
    nsec: 150000000
  }
  data {
    key: "frame_id"
    value: "vehicle_blue/odom"
  }
  data {
    key: "child_frame_id"
    value: "vehicle_blue/chassis"
  }
}
pose {
  position {
    x: -1.0154320876148737
    y: 0.6932315333399085
  }
  orientation {
    z: 0.59053179952198764
    w: -0.80701437022727374
  }
}
twist {
  linear {
    x: 0.49999999999861267
  }
  angular {
    z: 0.50000000000103739
  }
}

header {
  stamp {
    sec: 74
    nsec: 200000000
  }
  data {
    key: "frame_id"
    value: "vehicle_blue/odom"
  }
  data {
    key: "child_frame_id"
    value: "vehicle_blue/chassis"
  }
}
pose {
  position {
    x: -1.0075714265113831
    y: 0.66950017316803279
  }
  orientation {
    z: 0.58039824789594419
    w: -0.81433277831567
  }
}
twist {
  linear {
    x: 0.49999999999861267
  }
  angular {
    z: 0.50000000000103739
  }
}

header {
  stamp {
    sec: 74
    nsec: 250000000
  }
  data {
    key: "frame_id"
    value: "vehicle_blue/odom"
  }
  data {
    key: "child_frame_id"
    value: "vehicle_blue/chassis"
  }
}
pose {
  position {
    x: -0.99911999953073838
    y: 0.64597272471772271
  }
  orientation {
    z: 0.57017401022448377
    w: -0.82152394856420974
  }
}
twist {
  linear {
    x: 0.49999999999861267
  }
  angular {
    z: 0.50000000000103739
  }
}

header {
  stamp {
    sec: 74
    nsec: 300000000
  }
  data {
    key: "frame_id"
    value: "vehicle_blue/odom"
  }
  data {
    key: "child_frame_id"
    value: "vehicle_blue/chassis"
  }
}
pose {
  position {
    x: -0.99008308853969551
    y: 0.62266389187840776
  }
  orientation {
    z: 0.5598606840239414
    w: -0.8285867573671718
  }
}
twist {
  linear {
    x: 0.49999999999861267
  }
  angular {
    z: 0.50000000000103739
  }
}

header {
  stamp {
    sec: 74
    nsec: 350000000
  }
  data {
    key: "frame_id"
    value: "vehicle_blue/odom"
  }
  data {
    key: "child_frame_id"
    value: "vehicle_blue/chassis"
  }
}
pose {
  position {
    x: -0.980466341313459
    y: 0.599588241911876
  }
  orientation {
    z: 0.54945988073055352
    w: -0.83552010117505
  }
}
twist {
  linear {
    x: 0.49999999999861267
  }
  angular {
    z: 0.50000000000103739
  }
}

header {
  stamp {
    sec: 74
    nsec: 400000000
  }
  data {
    key: "frame_id"
    value: "vehicle_blue/odom"
  }
  data {
    key: "child_frame_id"
    value: "vehicle_blue/chassis"
  }
}
pose {
  position {
    x: -0.97027576800600857
    y: 0.57676019634821407
  }
  orientation {
    z: 0.53897322544867432
    w: -0.84232289666698035
  }
}
twist {
  linear {
    x: 0.49999999999861267
  }
  angular {
    z: 0.50000000000103739
  }
}

header {
  stamp {
    sec: 74
    nsec: 450000000
  }
  data {
    key: "frame_id"
    value: "vehicle_blue/odom"
  }
  data {
    key: "child_frame_id"
    value: "vehicle_blue/chassis"
  }
}
pose {
  position {
    x: -0.95951773739394186
    y: 0.55419402197281231
  }
  orientation {
    z: 0.52840235669685665
    w: -0.84899408092000728
  }
}
twist {
  linear {
    x: 0.49999999999861267
  }
  angular {
    z: 0.50000000000103739
  }
}

header {
  stamp {
    sec: 74
    nsec: 500000000
  }
  data {
    key: "frame_id"
    value: "vehicle_blue/odom"
  }
  data {
    key: "child_frame_id"
    value: "vehicle_blue/chassis"
  }
}
pose {
  position {
    x: -0.94819897289620458
    y: 0.53190382191009611
  }
  orientation {
    z: 0.51774892615183643
    w: -0.85553261157516391
  }
}
twist {
  linear {
    x: 0.49999999999861267
  }
  angular {
    z: 0.50000000000103739
  }
}

header {
  stamp {
    sec: 74
    nsec: 550000000
  }
  data {
    key: "frame_id"
    value: "vehicle_blue/odom"
  }
  data {
    key: "child_frame_id"
    value: "vehicle_blue/chassis"
  }
}
pose {
  position {
    x: -0.93632654837216389
    y: 0.509903526809526
  }
  orientation {
    z: 0.507014598390462
    w: -0.8619374670003378
  }
}
twist {
  linear {
    x: 0.49999999999861267
  }
  angular {
    z: 0.50000000000103739
  }
}

header {
  stamp {
    sec: 74
    nsec: 600000000
  }
  data {
    key: "frame_id"
    value: "vehicle_blue/odom"
  }
  data {
    key: "child_frame_id"
    value: "vehicle_blue/chassis"
  }
}
pose {
  position {
    x: -0.92390788370068533
    y: 0.48820688613940072
  }
  orientation {
    z: 0.4962010506296074
    w: -0.86820764644989956
  }
}
twist {
  linear {
    x: 0.49999999999861267
  }
  angular {
    z: 0.50000000000103739
  }
}

header {
  stamp {
    sec: 74
    nsec: 650000000
  }
  data {
    key: "frame_id"
    value: "vehicle_blue/odom"
  }
  data {
    key: "child_frame_id"
    value: "vehicle_blue/chassis"
  }
}
pose {
  position {
    x: -0.91095074014294219
    y: 0.466827459593882
  }
  orientation {
    z: 0.4853099724641099
    w: -0.87434217022106675
  }
}
twist {
  linear {
    x: 0.49999999999861267
  }
  angular {
    z: 0.50000000000103739
  }
}

header {
  stamp {
    sec: 74
    nsec: 700000000
  }
  data {
    key: "frame_id"
    value: "vehicle_blue/odom"
  }
  data {
    key: "child_frame_id"
    value: "vehicle_blue/chassis"
  }
}
pose {
  position {
    x: -0.89746321549188546
    y: 0.44577860861863133
  }
  orientation {
    z: 0.47434306560277512
    w: -0.88034007980698092
  }
}
twist {
  linear {
    x: 0.49999999999861267
  }
  angular {
    z: 0.50000000000103739
  }
}

header {
  stamp {
    sec: 74
    nsec: 750000000
  }
  data {
    key: "frame_id"
    value: "vehicle_blue/odom"
  }
  data {
    key: "child_frame_id"
    value: "vehicle_blue/chassis"
  }
}
pose {
  position {
    x: -0.88345373901138446
    y: 0.42507348806033768
  }
  orientation {
    z: 0.463302043602488
    w: -0.88620043804647175
  }
}
twist {
  linear {
    x: 0.49999999999861267
  }
  angular {
    z: 0.50000000000103739
  }
}

header {
  stamp {
    sec: 74
    nsec: 800000000
  }
  data {
    key: "frame_id"
    value: "vehicle_blue/odom"
  }
  data {
    key: "child_frame_id"
    value: "vehicle_blue/chassis"
  }
}
pose {
  position {
    x: -0.86893106616821025
    y: 0.40472503794537007
  }
  orientation {
    z: 0.45218863160047323
    w: -0.89192232927048731
  }
}
twist {
  linear {
    x: 0.49999999999861267
  }
  angular {
    z: 0.50000000000103739
  }
}

header {
  stamp {
    sec: 74
    nsec: 850000000
  }
  data {
    key: "frame_id"
    value: "vehicle_blue/odom"
  }
  data {
    key: "child_frame_id"
    value: "vehicle_blue/chassis"
  }
}
pose {
  position {
    x: -0.85390427316015827
    y: 0.38474597539267935
  }
  orientation {
    z: 0.44100456604474597
    w: -0.897504859445165
  }
}
twist {
  linear {
    x: 0.49999999999861267
  }
  angular {
    z: 0.50000000000103739
  }
}

header {
  stamp {
    sec: 74
    nsec: 900000000
  }
  data {
    key: "frame_id"
    value: "vehicle_blue/odom"
  }
  data {
    key: "child_frame_id"
    value: "vehicle_blue/chassis"
  }
}
pose {
  position {
    x: -0.838382751243714
    y: 0.36514878666601452
  }
  orientation {
    z: 0.42975159442279537
    w: -0.90294715631152256
  }
}
twist {
  linear {
    x: 0.49999999999861267
  }
  angular {
    z: 0.50000000000103739
  }
}

header {
  stamp {
    sec: 74
    nsec: 950000000
  }
  data {
    key: "frame_id"
    value: "vehicle_blue/odom"
  }
  data {
    key: "child_frame_id"
    value: "vehicle_blue/chassis"
  }
}
pose {
  position {
    x: -0.82237620086482766
    y: 0.34594571937041407
  }
  orientation {
    z: 0.41843147498854322
    w: -0.90824836952174715
  }
}
twist {
  linear {
    x: 0.49999999999861267
  }
  angular {
    z: 0.50000000000103739
  }
}

header {
  stamp {
    sec: 75
  }
  data {
    key: "frame_id"
    value: "vehicle_blue/odom"
  }
  data {
    key: "child_frame_id"
    value: "vehicle_blue/chassis"
  }
}
pose {
  position {
    x: -0.80589462559645209
    y: 0.32714877479785015
  }
  orientation {
    z: 0.40704597648762048
    w: -0.91340767077205975
  }
}
twist {
  linear {
    x: 0.49999999999861267
  }
  angular {
    z: 0.50000000000103739
  }
}

header {
  stamp {
    sec: 75
    nsec: 50000000
  }
  data {
    key: "frame_id"
    value: "vehicle_blue/odom"
  }
  data {
    key: "child_frame_id"
    value: "vehicle_blue/chassis"
  }
}
pose {
  position {
    x: -0.78894832588662922
    y: 0.30876970042681445
  }
  orientation {
    z: 0.39559687788100417
    w: -0.91842425393213678
  }
}
twist {
  linear {
    x: 0.49999999999861267
  }
  angular {
    z: 0.50000000000103739
  }
}

header {
  stamp {
    sec: 75
    nsec: 100000000
  }
  data {
    key: "frame_id"
    value: "vehicle_blue/odom"
  }
  data {
    key: "child_frame_id"
    value: "vehicle_blue/chassis"
  }
}
pose {
  position {
    x: -0.77154789262105383
    y: 0.29081998258052427
  }
  orientation {
    z: 0.3840859680670583
    w: -0.92329733517106538
  }
}
twist {
  linear {
    x: 0.49999999999861267
  }
  angular {
    z: 0.50000000000103739
  }
}

header {
  stamp {
    sec: 75
    nsec: 150000000
  }
  data {
    key: "frame_id"
    value: "vehicle_blue/odom"
  }
  data {
    key: "child_frame_id"
    value: "vehicle_blue/chassis"
  }
}
pose {
  position {
    x: -0.75370420050410825
    y: 0.27331083924834443
  }
  orientation {
    z: 0.37251504560202264
    w: -0.92802615307981651
  }
}
twist {
  linear {
    x: 0.49999999999861267
  }
  angular {
    z: 0.50000000000103739
  }
}

header {
  stamp {
    sec: 75
    nsec: 200000000
  }
  data {
    key: "frame_id"
    value: "vehicle_blue/odom"
  }
  data {
    key: "child_frame_id"
    value: "vehicle_blue/chassis"
  }
}
pose {
  position {
    x: -0.7354284012625274
    y: 0.25625321307491072
  }
  orientation {
    z: 0.36088591841899131
    w: -0.93260996879021252
  }
}
twist {
  linear {
    x: 0.49999999999861267
  }
  angular {
    z: 0.50000000000103739
  }
}

header {
  stamp {
    sec: 75
    nsec: 250000000
  }
  data {
    key: "frame_id"
    value: "vehicle_blue/odom"
  }
  data {
    key: "child_frame_id"
    value: "vehicle_blue/chassis"
  }
}
pose {
  position {
    x: -0.71673191667593417
    y: 0.23965776452133195
  }
  orientation {
    z: 0.34920040354542725
    w: -0.9370480660903745
  }
}
twist {
  linear {
    x: 0.49999999999861267
  }
  angular {
    z: 0.50000000000103739
  }
}

header {
  stamp {
    sec: 75
    nsec: 300000000
  }
  data {
    key: "frame_id"
    value: "vehicle_blue/odom"
  }
  data {
    key: "child_frame_id"
    value: "vehicle_blue/chassis"
  }
}
pose {
  position {
    x: -0.6976264314386
    y: 0.22353486520274882
  }
  orientation {
    z: 0.33746032681925536
    w: -0.94133975153662852
  }
}
twist {
  linear {
    x: 0.49999999999861267
  }
  angular {
    z: 0.50000000000103739
  }
}

header {
  stamp {
    sec: 75
    nsec: 350000000
  }
  data {
    key: "frame_id"
    value: "vehicle_blue/odom"
  }
  data {
    key: "child_frame_id"
    value: "vehicle_blue/chassis"
  }
}
pose {
  position {
    x: -0.6781238858568861
    y: 0.20789459140641259
  }
  orientation {
    z: 0.3256675226035789
    w: -0.945484354561855
  }
}
twist {
  linear {
    x: 0.49999999999861267
  }
  angular {
    z: 0.50000000000103739
  }
}

header {
  stamp {
    sec: 75
    nsec: 400000000
  }
  data {
    key: "frame_id"
    value: "vehicle_blue/odom"
  }
  data {
    key: "child_frame_id"
    value: "vehicle_blue/chassis"
  }
}
pose {
  position {
    x: -0.65823646838694638
    y: 0.19274671779433317
  }
  orientation {
    z: 0.31382383350006432
    w: -0.94948122758026343
  }
}
twist {
  linear {
    x: 0.49999999999861267
  }
  angular {
    z: 0.50000000000103739
  }
}

header {
  stamp {
    sec: 75
    nsec: 450000000
  }
  data {
    key: "frame_id"
    value: "vehicle_blue/odom"
  }
  data {
    key: "child_frame_id"
    value: "vehicle_blue/chassis"
  }
}
pose {
  position {
    x: -0.63797660801733747
    y: 0.17810071129443331
  }
  orientation {
    z: 0.30193111006103807
    w: -0.95332974608857635
  }
}
twist {
  linear {
    x: 0.49999999999861267
  }
  angular {
    z: 0.50000000000103739
  }
}

header {
  stamp {
    sec: 75
    nsec: 500000000
  }
  data {
    key: "frame_id"
    value: "vehicle_blue/odom"
  }
  data {
    key: "child_frame_id"
    value: "vehicle_blue/chassis"
  }
}
pose {
  position {
    x: -0.61735696650130178
    y: 0.16396572518402755
  }
  orientation {
    z: 0.28999121050034177
    w: -0.95702930876360648
  }
}
twist {
  linear {
    x: 0.49999999999861267
  }
  angular {
    z: 0.50000000000103739
  }
}

header {
  stamp {
    sec: 75
    nsec: 550000000
  }
  data {
    key: "frame_id"
    value: "vehicle_blue/odom"
  }
  data {
    key: "child_frame_id"
    value: "vehicle_blue/chassis"
  }
}
pose {
  position {
    x: -0.59639043044358875
    y: 0.1503505933693213
  }
  orientation {
    z: 0.27800600040299017
    w: -0.96057933755621283
  }
}
twist {
  linear {
    x: 0.49999999999861267
  }
  angular {
    z: 0.50000000000103739
  }
}

header {
  stamp {
    sec: 75
    nsec: 600000000
  }
  data {
    key: "frame_id"
    value: "vehicle_blue/odom"
  }
  data {
    key: "child_frame_id"
    value: "vehicle_blue/chassis"
  }
}
pose {
  position {
    x: -0.5750901032467457
    y: 0.137263824864507
  }
  orientation {
    z: 0.26597735243367715
    w: -0.96397927778161885
  }
}
twist {
  linear {
    x: 0.49999999999861267
  }
  angular {
    z: 0.50000000000103739
  }
}

header {
  stamp {
    sec: 75
    nsec: 650000000
  }
  data {
    key: "frame_id"
    value: "vehicle_blue/odom"
  }
  data {
    key: "child_frame_id"
    value: "vehicle_blue/chassis"
  }
}
pose {
  position {
    x: -0.55346929692191449
    y: 0.12471359847390763
  }
  orientation {
    z: 0.2539071460441758
    w: -0.96722859820608165
  }
}
twist {
  linear {
    x: 0.49999999999861267
  }
  angular {
    z: 0.50000000000103739
  }
}

header {
  stamp {
    sec: 75
    nsec: 700000000
  }
  data {
    key: "frame_id"
    value: "vehicle_blue/odom"
  }
  data {
    key: "child_frame_id"
    value: "vehicle_blue/chassis"
  }
}
pose {
  position {
    x: -0.53154152376925978
    y: 0.11270775768048974
  }
  orientation {
    z: 0.24179726717967748
    w: -0.97032679112989539
  }
}
twist {
  linear {
    x: 0.49999999999861267
  }
  angular {
    z: 0.50000000000103739
  }
}

header {
  stamp {
    sec: 75
    nsec: 750000000
  }
  data {
    key: "frame_id"
    value: "vehicle_blue/odom"
  }
  data {
    key: "child_frame_id"
    value: "vehicle_blue/chassis"
  }
}
pose {
  position {
    x: -0.50932048793322293
    y: 0.10125380574394237
  }
  orientation {
    z: 0.22964960798411746
    w: -0.97327337246671919
  }
}
twist {
  linear {
    x: 0.49999999999861267
  }
  angular {
    z: 0.50000000000103739
  }
}

header {
  stamp {
    sec: 75
    nsec: 800000000
  }
  data {
    key: "frame_id"
    value: "vehicle_blue/odom"
  }
  data {
    key: "child_frame_id"
    value: "vehicle_blue/chassis"
  }
}
pose {
  position {
    x: -0.48682007683787532
    y: 0.090358901011383413
  }
  orientation {
    z: 0.21746606650453068
    w: -0.976067881819214
  }
}
twist {
  linear {
    x: 0.49999999999861267
  }
  angular {
    z: 0.50000000000103739
  }
}

header {
  stamp {
    sec: 75
    nsec: 850000000
  }
  data {
    key: "frame_id"
    value: "vehicle_blue/odom"
  }
  data {
    key: "child_frame_id"
    value: "vehicle_blue/chassis"
  }
}
pose {
  position {
    x: -0.46405435250773119
    y: 0.080029852443626509
  }
  orientation {
    z: 0.20524854639448603
    w: -0.97870988255097879
  }
}
twist {
  linear {
    x: 0.49999999999861267
  }
  angular {
    z: 0.50000000000103739
  }
}

header {
  stamp {
    sec: 75
    nsec: 900000000
  }
  data {
    key: "frame_id"
    value: "vehicle_blue/odom"
  }
  data {
    key: "child_frame_id"
    value: "vehicle_blue/chassis"
  }
}
pose {
  position {
    x: -0.44103754277944174
    y: 0.070273115359801477
  }
  orientation {
    z: 0.1929989566166441
    w: -0.98119896185477429
  }
}
twist {
  linear {
    x: 0.49999999999861267
  }
  angular {
    z: 0.50000000000103739
  }
}

header {
  stamp {
    sec: 75
    nsec: 950000000
  }
  data {
    key: "frame_id"
    value: "vehicle_blue/odom"
  }
  data {
    key: "child_frame_id"
    value: "vehicle_blue/chassis"
  }
}
pose {
  position {
    x: -0.41778403240985668
    y: 0.061094787402990167
  }
  orientation {
    z: 0.18071921114448611
    w: -0.98353473081702347
  }
}
twist {
  linear {
    x: 0.49999999999861267
  }
  angular {
    z: 0.50000000000103739
  }
}

header {
  stamp {
    sec: 76
  }
  data {
    key: "frame_id"
    value: "vehicle_blue/odom"
  }
  data {
    key: "child_frame_id"
    value: "vehicle_blue/chassis"
  }
}
pose {
  position {
    x: -0.39430835408602261
    y: 0.052500604729398069
  }
  orientation {
    z: 0.16841122866325886
    w: -0.98571682447857789
  }
}
twist {
  linear {
    x: 0.49999999999861267
  }
  angular {
    z: 0.50000000000103739
  }
}

header {
  stamp {
    sec: 76
    nsec: 50000000
  }
  data {
    key: "frame_id"
    value: "vehicle_blue/odom"
  }
  data {
    key: "child_frame_id"
    value: "vehicle_blue/chassis"
  }
}
pose {
  position {
    x: -0.37062517934270989
    y: 0.044495938423437992
  }
  orientation {
    z: 0.15607693227017547
    w: -0.987744901891744
  }
}
twist {
  linear {
    x: 0.49999999999861267
  }
  angular {
    z: 0.50000000000103739
  }
}

header {
  stamp {
    sec: 76
    nsec: 100000000
  }
  data {
    key: "frame_id"
    value: "vehicle_blue/odom"
  }
  data {
    key: "child_frame_id"
    value: "vehicle_blue/chassis"
  }
}
pose {
  position {
    x: -0.34674930939322779
    y: 0.037085791140994577
  }
  orientation {
    z: 0.14371824917396284
    w: -0.98961864617355044
  }
}
twist {
  linear {
    x: 0.49999999999861267
  }
  angular {
    z: 0.50000000000103739
  }
}

header {
  stamp {
    sec: 76
    nsec: 150000000
  }
  data {
    key: "frame_id"
    value: "vehicle_blue/odom"
  }
  data {
    key: "child_frame_id"
    value: "vehicle_blue/chassis"
  }
}
pose {
  position {
    x: -0.32269566587910226
    y: 0.030274793982908547
  }
  orientation {
    z: 0.13133711039371065
    w: -0.99133776455526512
  }
}
twist {
  linear {
    x: 0.49999999999861267
  }
  angular {
    z: 0.50000000000103739
  }
}

header {
  stamp {
    sec: 76
    nsec: 200000000
  }
  data {
    key: "frame_id"
    value: "vehicle_blue/odom"
  }
  data {
    key: "child_frame_id"
    value: "vehicle_blue/chassis"
  }
}
pose {
  position {
    x: -0.29847928154455045
    y: 0.024067203600696137
  }
  orientation {
    z: 0.11893545045716397
    w: -0.99290198842813859
  }
}
twist {
  linear {
    x: 0.49999999999861267
  }
  angular {
    z: 0.50000000000103739
  }
}

header {
  stamp {
    sec: 76
    nsec: 250000000
  }
  data {
    key: "frame_id"
    value: "vehicle_blue/odom"
  }
  data {
    key: "child_frame_id"
    value: "vehicle_blue/chassis"
  }
}
pose {
  position {
    x: -0.27411529084150332
    y: 0.018466899536280619
  }
  orientation {
    z: 0.10651520709845681
    w: -0.99431107338537317
  }
}
twist {
  linear {
    x: 0.49999999999861267
  }
  angular {
    z: 0.50000000000103739
  }
}

header {
  stamp {
    sec: 76
    nsec: 300000000
  }
  data {
    key: "frame_id"
    value: "vehicle_blue/odom"
  }
  data {
    key: "child_frame_id"
    value: "vehicle_blue/chassis"
  }
}
pose {
  position {
    x: -0.24961892047106848
    y: 0.013477381797404372
  }
  orientation {
    z: 0.09407832095534506
    w: -0.99556479926031094
  }
}
twist {
  linear {
    x: 0.49999999999861267
  }
  angular {
    z: 0.50000000000103739
  }
}

header {
  stamp {
    sec: 76
    nsec: 350000000
  }
  data {
    key: "frame_id"
    value: "vehicle_blue/odom"
  }
  data {
    key: "child_frame_id"
    value: "vehicle_blue/chassis"
  }
}
pose {
  position {
    x: -0.22500547986733652
    y: 0.0091017686702383228
  }
  orientation {
    z: 0.081626735265985753
    w: -0.9966629701608346
  }
}
twist {
  linear {
    x: 0.49999999999861267
  }
  angular {
    z: 0.50000000000103739
  }
}

header {
  stamp {
    sec: 76
    nsec: 400000000
  }
  data {
    key: "frame_id"
    value: "vehicle_blue/odom"
  }
  data {
    key: "child_frame_id"
    value: "vehicle_blue/chassis"
  }
}
pose {
  position {
    x: -0.20029035162948244
    y: 0.0053427947705548453
  }
  orientation {
    z: 0.069162395565310245
    w: -0.99760541449997531
  }
}
twist {
  linear {
    x: 0.49999999999861267
  }
  angular {
    z: 0.50000000000103739
  }
}

header {
  stamp {
    sec: 76
    nsec: 450000000
  }
  data {
    key: "frame_id"
    value: "vehicle_blue/odom"
  }
  data {
    key: "child_frame_id"
    value: "vehicle_blue/chassis"
  }
}
pose {
  position {
    x: -0.17548898190814302
    y: 0.0022028093346811725
  }
  orientation {
    z: 0.056687249381038127
    w: -0.99839198502272242
  }
}
twist {
  linear {
    x: 0.49999999999861267
  }
  angular {
    z: 0.50000000000103739
  }
}

header {
  stamp {
    sec: 76
    nsec: 500000000
  }
  data {
    key: "frame_id"
    value: "vehicle_blue/odom"
  }
  data {
    key: "child_frame_id"
    value: "vehicle_blue/chassis"
  }
}
pose {
  position {
    x: -0.15061687075207469
    y: -0.00031622524869615151
  }
  orientation {
    z: 0.044203245929380068
    w: -0.999022558829032
  }
}
twist {
  linear {
    x: 0.49999999999861267
  }
  angular {
    z: 0.50000000000103739
  }
}

header {
  stamp {
    sec: 76
    nsec: 550000000
  }
  data {
    key: "frame_id"
    value: "vehicle_blue/odom"
  }
  data {
    key: "child_frame_id"
    value: "vehicle_blue/chassis"
  }
}
pose {
  position {
    x: -0.1256895624211278
    y: -0.0022127346649605771
  }
  orientation {
    z: 0.031712335810476777
    w: -0.99949703739302975
  }
}
twist {
  linear {
    x: 0.49999999999861267
  }
  angular {
    z: 0.50000000000103739
  }
}

header {
  stamp {
    sec: 76
    nsec: 600000000
  }
  data {
    key: "frame_id"
    value: "vehicle_blue/odom"
  }
  data {
    key: "child_frame_id"
    value: "vehicle_blue/chassis"
  }
}
pose {
  position {
    x: -0.10072263567159055
    y: -0.0034855336574609506
  }
  orientation {
    z: 0.019216470703621653
    w: -0.99981534657840543
  }
}
twist {
  linear {
    x: 0.49999999999861267
  }
  angular {
    z: 0.50000000000103739
  }
}

header {
  stamp {
    sec: 76
    nsec: 650000000
  }
  data {
    key: "frame_id"
    value: "vehicle_blue/odom"
  }
  data {
    key: "child_frame_id"
    value: "vehicle_blue/chassis"
  }
}
pose {
  position {
    x: -0.0757316940199728
    y: -0.0041338267682585368
  }
  orientation {
    z: 0.0067176030623148728
    w: -0.99997743664999628
  }
}
twist {
  linear {
    x: 0.49999999999861267
  }
  angular {
    z: 0.50000000000103739
  }
}

header {
  stamp {
    sec: 76
    nsec: 700000000
  }
  data {
    key: "frame_id"
    value: "vehicle_blue/odom"
  }
  data {
    key: "child_frame_id"
    value: "vehicle_blue/chassis"
  }
}
pose {
  position {
    x: -0.050732355991316695
    y: -0.0041572088352616844
  }
  orientation {
    z: -0.0057823141908034713
    w: -0.99998328228155842
  }
}
twist {
  linear {
    x: 0.49999999999861267
  }
  angular {
    z: 0.50000000000103739
  }
}

header {
  stamp {
    sec: 76
    nsec: 750000000
  }
  data {
    key: "frame_id"
    value: "vehicle_blue/odom"
  }
  data {
    key: "child_frame_id"
    value: "vehicle_blue/chassis"
  }
}
pose {
  position {
    x: -0.025740245358126593
    y: -0.003555665245439826
  }
  orientation {
    z: -0.018281327969093583
    w: -0.9998328825597238
  }
}
twist {
  linear {
    x: 0.49999999999861267
  }
  angular {
    z: 0.50000000000103739
  }
}

header {
  stamp {
    sec: 76
    nsec: 800000000
  }
  data {
    key: "frame_id"
    value: "vehicle_blue/odom"
  }
  data {
    key: "child_frame_id"
    value: "vehicle_blue/chassis"
  }
}
pose {
  position {
    x: -0.00077098137602001982
    y: -0.0023295719439554038
  }
  orientation {
    z: -0.030777485327081775
    w: -0.9995262609841431
  }
}
twist {
  linear {
    x: 0.49999999999861267
  }
  angular {
    z: 0.50000000000103739
  }
}

header {
  stamp {
    sec: 76
    nsec: 850000000
  }
  data {
    key: "frame_id"
    value: "vehicle_blue/odom"
  }
  data {
    key: "child_frame_id"
    value: "vehicle_blue/chassis"
  }
}
pose {
  position {
    x: 0.024159830977798752
    y: -0.00047969519921092709
  }
  orientation {
    z: -0.043268833765604212
    w: -0.99906346546381353
  }
}
twist {
  linear {
    x: 0.49999999999861267
  }
  angular {
    z: 0.50000000000103739
  }
}

header {
  stamp {
    sec: 76
    nsec: 900000000
  }
  data {
    key: "frame_id"
    value: "vehicle_blue/odom"
  }
  data {
    key: "child_frame_id"
    value: "vehicle_blue/chassis"
  }
}
pose {
  position {
    x: 0.049036610757141511
    y: 0.0019928088760444115
  }
  orientation {
    z: -0.055753421536880947
    w: -0.99844456830959372
  }
}
twist {
  linear {
    x: 0.49999999999861267
  }
  angular {
    z: 0.50000000000103739
  }
}

header {
  stamp {
    sec: 76
    nsec: 950000000
  }
  data {
    key: "frame_id"
    value: "vehicle_blue/odom"
  }
  data {
    key: "child_frame_id"
    value: "vehicle_blue/chassis"
  }
}
pose {
  position {
    x: 0.073843810784420177
    y: 0.00508639504724687
  }
  orientation {
    z: -0.068229297949472537
    w: -0.99766966622290476
  }
}
twist {
  linear {
    x: 0.49999999999861267
  }
  angular {
    z: 0.50000000000103739
  }
}

header {
  stamp {
    sec: 77
  }
  data {
    key: "frame_id"
    value: "vehicle_blue/odom"
  }
  data {
    key: "child_frame_id"
    value: "vehicle_blue/chassis"
  }
}
pose {
  position {
    x: 0.098565927367126827
    y: 0.0087991299237402155
  }
  orientation {
    z: -0.0806945136730716
    w: -0.99673888028062119
  }
}
twist {
  linear {
    x: 0.49999999999861267
  }
  angular {
    z: 0.50000000000103739
  }
}

header {
  stamp {
    sec: 77
    nsec: 50000000
  }
  data {
    key: "frame_id"
    value: "vehicle_blue/odom"
  }
  data {
    key: "child_frame_id"
    value: "vehicle_blue/chassis"
  }
}
pose {
  position {
    x: 0.12318750998713693
    y: 0.013128693167081191
  }
  orientation {
    z: -0.093147121043081732
    w: -0.99565235591615286
  }
}
twist {
  linear {
    x: 0.49999999999861267
  }
  angular {
    z: 0.50000000000103739
  }
}

header {
  stamp {
    sec: 77
    nsec: 100000000
  }
  data {
    key: "frame_id"
    value: "vehicle_blue/odom"
  }
  data {
    key: "child_frame_id"
    value: "vehicle_blue/chassis"
  }
}
pose {
  position {
    x: 0.14769317095677986
    y: 0.018072378941176064
  }
  orientation {
    z: -0.10558517436493611
    w: -0.99441026289672119
  }
}
twist {
  linear {
    x: 0.49999999999861267
  }
  angular {
    z: 0.50000000000103739
  }
}

header {
  stamp {
    sec: 77
    nsec: 150000000
  }
  data {
    key: "frame_id"
    value: "vehicle_blue/odom"
  }
  data {
    key: "child_frame_id"
    value: "vehicle_blue/chassis"
  }
}
pose {
  position {
    x: 0.1720675950356432
    y: 0.023627097603340048
  }
  orientation {
    z: -0.11800673021810838
    w: -0.99301279529683339
  }
}
twist {
  linear {
    x: 0.49999999999861267
  }
  angular {
    z: 0.50000000000103739
  }
}

header {
  stamp {
    sec: 77
    nsec: 200000000
  }
  data {
    key: "frame_id"
    value: "vehicle_blue/odom"
  }
  data {
    key: "child_frame_id"
    value: "vehicle_blue/chassis"
  }
}
pose {
  position {
    x: 0.19629554900209958
    y: 0.02978937763522304
  }
  orientation {
    z: -0.130409847759768
    w: -0.99146017146795873
  }
}
twist {
  linear {
    x: 0.49999999999861267
  }
  angular {
    z: 0.50000000000103739
  }
}

header {
  stamp {
    sec: 77
    nsec: 250000000
  }
  data {
    key: "frame_id"
    value: "vehicle_blue/odom"
  }
  data {
    key: "child_frame_id"
    value: "vehicle_blue/chassis"
  }
}
pose {
  position {
    x: 0.2203618911735713
    y: 0.036555367812395406
  }
  orientation {
    z: -0.14279258902803318
    w: -0.98975263400441182
  }
}
twist {
  linear {
    x: 0.49999999999852385
  }
  angular {
    z: 0.5000000000011795
  }
}

header {
  stamp {
    sec: 77
    nsec: 300000000
  }
  data {
    key: "frame_id"
    value: "vehicle_blue/odom"
  }
  data {
    key: "child_frame_id"
    value: "vehicle_blue/chassis"
  }
}
pose {
  position {
    x: 0.24425158086958249
    y: 0.043920839611235031
  }
  orientation {
    z: -0.1551530192447734
    w: -0.98789044970544737
  }
}
twist {
  linear {
    x: 0.49999999999847944
  }
  angular {
    z: 0.50000000000125056
  }
}

header {
  stamp {
    sec: 77
    nsec: 350000000
  }
  data {
    key: "frame_id"
    value: "vehicle_blue/odom"
  }
  data {
    key: "child_frame_id"
    value: "vehicle_blue/chassis"
  }
}
pose {
  position {
    x: 0.26794968781172979
    y: 0.05188118985162822
  }
  orientation {
    z: -0.16748920711791443
    w: -0.98587390953357334
  }
}
twist {
  linear {
    x: 0.49999999999847944
  }
  angular {
    z: 0.50000000000125056
  }
}

header {
  stamp {
    sec: 77
    nsec: 400000000
  }
  data {
    key: "frame_id"
    value: "vehicle_blue/odom"
  }
  data {
    key: "child_frame_id"
    value: "vehicle_blue/chassis"
  }
}
pose {
  position {
    x: 0.29144140145458269
    y: 0.060431443573795124
  }
  orientation {
    z: -0.17979922514319907
    w: -0.983703328569089
  }
}
twist {
  linear {
    x: 0.49999999999847944
  }
  angular {
    z: 0.50000000000125056
  }
}

header {
  stamp {
    sec: 77
    nsec: 450000000
  }
  data {
    key: "frame_id"
    value: "vehicle_blue/odom"
  }
  data {
    key: "child_frame_id"
    value: "vehicle_blue/chassis"
  }
}
pose {
  position {
    x: 0.31471204024180066
    y: 0.069566257147482213
  }
  orientation {
    z: -0.19208114990535549
    w: -0.98137904596085423
  }
}
twist {
  linear {
    x: 0.49999999999847944
  }
  angular {
    z: 0.50000000000125056
  }
}

header {
  stamp {
    sec: 77
    nsec: 500000000
  }
  data {
    key: "frame_id"
    value: "vehicle_blue/odom"
  }
  data {
    key: "child_frame_id"
    value: "vehicle_blue/chassis"
  }
}
pose {
  position {
    x: 0.33774706078163486
    y: 0.079279921611556892
  }
  orientation {
    z: -0.20433306237862711
    w: -0.97890142487329757
  }
}
twist {
  linear {
    x: 0.49999999999847944
  }
  angular {
    z: 0.50000000000125056
  }
}

header {
  stamp {
    sec: 77
    nsec: 550000000
  }
  data {
    key: "frame_id"
    value: "vehicle_blue/odom"
  }
  data {
    key: "child_frame_id"
    value: "vehicle_blue/chassis"
  }
}
pose {
  position {
    x: 0.36053206693606943
    y: 0.089566366241922629
  }
  orientation {
    z: -0.21655304822661642
    w: -0.97627085242967326
  }
}
twist {
  linear {
    x: 0.49999999999847944
  }
  angular {
    z: 0.50000000000125056
  }
}

header {
  stamp {
    sec: 77
    nsec: 600000000
  }
  data {
    key: "frame_id"
    value: "vehicle_blue/odom"
  }
  data {
    key: "child_frame_id"
    value: "vehicle_blue/chassis"
  }
}
pose {
  position {
    x: 0.38305281881794212
    y: 0.10041916234552345
  }
  orientation {
    z: -0.22873919810139612
    w: -0.97348773965157387
  }
}
twist {
  linear {
    x: 0.49999999999847944
  }
  angular {
    z: 0.50000000000125056
  }
}

header {
  stamp {
    sec: 77
    nsec: 650000000
  }
  data {
    key: "frame_id"
    value: "vehicle_blue/odom"
  }
  data {
    key: "child_frame_id"
    value: "vehicle_blue/chassis"
  }
}
pose {
  position {
    x: 0.40529524169040876
    y: 0.1118315272780684
  }
  orientation {
    z: -0.24088960794184097
    w: -0.9705525213947086
  }
}
twist {
  linear {
    x: 0.49999999999847944
  }
  angular {
    z: 0.50000000000125056
  }
}

header {
  stamp {
    sec: 77
    nsec: 700000000
  }
  data {
    key: "frame_id"
    value: "vehicle_blue/odom"
  }
  data {
    key: "child_frame_id"
    value: "vehicle_blue/chassis"
  }
}
pose {
  position {
    x: 0.42724543476319571
    y: 0.12379632868296313
  }
  orientation {
    z: -0.25300237927113328
    w: -0.96746565628095849
  }
}
twist {
  linear {
    x: 0.49999999999847944
  }
  angular {
    z: 0.50000000000125056
  }
}

header {
  stamp {
    sec: 77
    nsec: 750000000
  }
  data {
    key: "frame_id"
    value: "vehicle_blue/odom"
  }
  data {
    key: "child_frame_id"
    value: "vehicle_blue/chassis"
  }
}
pose {
  position {
    x: 0.44888967988014278
    y: 0.1363060889488007
  }
  orientation {
    z: -0.26507561949339631
    w: -0.96422762662671735
  }
}
twist {
  linear {
    x: 0.49999999999847944
  }
  angular {
    z: 0.50000000000125056
  }
}

header {
  stamp {
    sec: 77
    nsec: 800000000
  }
  data {
    key: "frame_id"
    value: "vehicle_blue/odom"
  }
  data {
    key: "child_frame_id"
    value: "vehicle_blue/chassis"
  }
}
pose {
  position {
    x: 0.47021445009260154
    y: 0.1493529898826251
  }
  orientation {
    z: -0.27710744218940819
    w: -0.960838938367531
  }
}
twist {
  linear {
    x: 0.49999999999847944
  }
  angular {
    z: 0.50000000000125056
  }
}

header {
  stamp {
    sec: 77
    nsec: 850000000
  }
  data {
    key: "frame_id"
    value: "vehicle_blue/odom"
  }
  data {
    key: "child_frame_id"
    value: "vehicle_blue/chassis"
  }
}
pose {
  position {
    x: 0.49120641811334093
    y: 0.16292887759604768
  }
  orientation {
    z: -0.2890959674113513
    w: -0.95730012097904538
  }
}
twist {
  linear {
    x: 0.49999999999847944
  }
  angular {
    z: 0.50000000000125056
  }
}

header {
  stamp {
    sec: 77
    nsec: 900000000
  }
  data {
    key: "frame_id"
    value: "vehicle_blue/odom"
  }
  data {
    key: "child_frame_id"
    value: "vehicle_blue/chassis"
  }
}
pose {
  position {
    x: 0.51185246464566625
    y: 0.17702526760116172
  }
  orientation {
    z: -0.30103932197655031
    w: -0.953611727394278
  }
}
twist {
  linear {
    x: 0.49999999999847944
  }
  angular {
    z: 0.50000000000125056
  }
}

header {
  stamp {
    sec: 77
    nsec: 950000000
  }
  data {
    key: "frame_id"
    value: "vehicle_blue/odom"
  }
  data {
    key: "child_frame_id"
    value: "vehicle_blue/chassis"
  }
}
pose {
  position {
    x: 0.532139686582551
    y: 0.19163335011307114
  }
  orientation {
    z: -0.31293563976015321
    w: -0.94977433391722244
  }
}
twist {
  linear {
    x: 0.49999999999847944
  }
  angular {
    z: 0.50000000000125056
  }
}

header {
  stamp {
    sec: 78
  }
  data {
    key: "frame_id"
    value: "vehicle_blue/odom"
  }
  data {
    key: "child_frame_id"
    value: "vehicle_blue/chassis"
  }
}
pose {
  position {
    x: 0.55205540507066408
    y: 0.20674399555571982
  }
  orientation {
    z: -0.32478306198670914
    w: -0.94578854013280234
  }
}
twist {
  linear {
    x: 0.49999999999847944
  }
  angular {
    z: 0.50000000000125056
  }
}

header {
  stamp {
    sec: 78
    nsec: 50000000
  }
  data {
    key: "frame_id"
    value: "vehicle_blue/odom"
  }
  data {
    key: "child_frame_id"
    value: "vehicle_blue/chassis"
  }
}
pose {
  position {
    x: 0.57158717343423471
    y: 0.22234776026757846
  }
  orientation {
    z: -0.33657973752059883
    w: -0.94165496881318744
  }
}
twist {
  linear {
    x: 0.49999999999847944
  }
  angular {
    z: 0.50000000000125056
  }
}

header {
  stamp {
    sec: 78
    nsec: 100000000
  }
  data {
    key: "frame_id"
    value: "vehicle_blue/odom"
  }
  data {
    key: "child_frame_id"
    value: "vehicle_blue/chassis"
  }
}
pose {
  position {
    x: 0.59072278495382036
    y: 0.238434892403627
  }
  orientation {
    z: -0.34832382315527022
    w: -0.93737426582048644
  }
}
twist {
  linear {
    x: 0.49999999999847944
  }
  angular {
    z: 0.50000000000125056
  }
}

header {
  stamp {
    sec: 78
    nsec: 150000000
  }
  data {
    key: "frame_id"
    value: "vehicle_blue/odom"
  }
  data {
    key: "child_frame_id"
    value: "vehicle_blue/chassis"
  }
}
pose {
  position {
    x: 0.60945028049511452
    y: 0.25499533802993885
  }
  orientation {
    z: -0.36001348390123628
    w: -0.93294710000583325
  }
}
twist {
  linear {
    x: 0.49999999999847944
  }
  angular {
    z: 0.50000000000125056
  }
}

header {
  stamp {
    sec: 78
    nsec: 200000000
  }
  data {
    key: "frame_id"
    value: "vehicle_blue/odom"
  }
  data {
    key: "child_frame_id"
    value: "vehicle_blue/chassis"
  }
}
pose {
  position {
    x: 0.62775795598300843
    y: 0.27201874740706317
  }
  orientation {
    z: -0.371646893272788
    w: -0.9283741631048793
  }
}
twist {
  linear {
    x: 0.49999999999847944
  }
  angular {
    z: 0.50000000000125056
  }
}

header {
  stamp {
    sec: 78
    nsec: 250000000
  }
  data {
    key: "frame_id"
    value: "vehicle_blue/odom"
  }
  data {
    key: "child_frame_id"
    value: "vehicle_blue/chassis"
  }
}
pose {
  position {
    x: 0.64563436971626331
    y: 0.28949448145827528
  }
  orientation {
    z: -0.38322223357337909
    w: -0.92365616962971153
  }
}
twist {
  linear {
    x: 0.49999999999847944
  }
  angular {
    z: 0.50000000000125056
  }
}

header {
  stamp {
    sec: 78
    nsec: 300000000
  }
  data {
    key: "frame_id"
    value: "vehicle_blue/odom"
  }
  data {
    key: "child_frame_id"
    value: "vehicle_blue/chassis"
  }
}
pose {
  position {
    x: 0.66306834951819849
    y: 0.30741161841865267
  }
  orientation {
    z: -0.39473769617963766
    w: -0.918793856757212
  }
}
twist {
  linear {
    x: 0.49999999999847944
  }
  angular {
    z: 0.50000000000125056
  }
}

header {
  stamp {
    sec: 78
    nsec: 350000000
  }
  data {
    key: "frame_id"
    value: "vehicle_blue/odom"
  }
  data {
    key: "child_frame_id"
    value: "vehicle_blue/chassis"
  }
}
pose {
  position {
    x: 0.68004899971893806
    y: 0.32575896066082333
  }
  orientation {
    z: -0.40619148182395948
    w: -0.91378798421387442
  }
}
twist {
  linear {
    x: 0.49999999999847944
  }
  angular {
    z: 0.50000000000125056
  }
}

header {
  stamp {
    sec: 78
    nsec: 400000000
  }
  data {
    key: "frame_id"
    value: "vehicle_blue/odom"
  }
  data {
    key: "child_frame_id"
    value: "vehicle_blue/chassis"
  }
}
pose {
  position {
    x: 0.69656570796484962
    y: 0.34452504169311732
  }
  orientation {
    z: -0.41758180087564045
    w: -0.90863933415709952
  }
}
twist {
  linear {
    x: 0.49999999999847944
  }
  angular {
    z: 0.50000000000125056
  }
}

header {
  stamp {
    sec: 78
    nsec: 450000000
  }
  data {
    key: "frame_id"
    value: "vehicle_blue/odom"
  }
  data {
    key: "child_frame_id"
    value: "vehicle_blue/chassis"
  }
}
pose {
  position {
    x: 0.71260815185092352
    y: 0.36369813332575157
  }
  orientation {
    z: -0.42890687362050206
    w: -0.90334871105298353
  }
}
twist {
  linear {
    x: 0.49999999999847944
  }
  angular {
    z: 0.50000000000125056
  }
}

header {
  stamp {
    sec: 78
    nsec: 500000000
  }
  data {
    key: "frame_id"
    value: "vehicle_blue/odom"
  }
  data {
    key: "child_frame_id"
    value: "vehicle_blue/chassis"
  }
}
pose {
  position {
    x: 0.728166305371932
    y: 0.3832662530005671
  }
  orientation {
    z: -0.44016493053896893
    w: -0.897916941550623
  }
}
twist {
  linear {
    x: 0.49999999999847944
  }
  angular {
    z: 0.50000000000125056
  }
}

header {
  stamp {
    sec: 78
    nsec: 550000000
  }
  data {
    key: "frame_id"
    value: "vehicle_blue/odom"
  }
  data {
    key: "child_frame_id"
    value: "vehicle_blue/chassis"
  }
}
pose {
  position {
    x: 0.743230445188368
    y: 0.40321717127973677
  }
  orientation {
    z: -0.45135421258255182
    w: -0.8923448743529514
  }
}
twist {
  linear {
    x: 0.49999999999847944
  }
  angular {
    z: 0.50000000000125056
  }
}

header {
  stamp {
    sec: 78
    nsec: 600000000
  }
  data {
    key: "frame_id"
    value: "vehicle_blue/odom"
  }
  data {
    key: "child_frame_id"
    value: "vehicle_blue/chassis"
  }
}
pose {
  position {
    x: 0.75779115670320119
    y: 0.42353841948876608
  }
  orientation {
    z: -0.46247297144869609
    w: -0.88663338008413239
  }
}
twist {
  linear {
    x: 0.49999999999847944
  }
  angular {
    z: 0.50000000000125056
  }
}

header {
  stamp {
    sec: 78
    nsec: 650000000
  }
  data {
    key: "frame_id"
    value: "vehicle_blue/odom"
  }
  data {
    key: "child_frame_id"
    value: "vehicle_blue/chassis"
  }
}
pose {
  position {
    x: 0.77183933994570963
    y: 0.44421729750901018
  }
  orientation {
    z: -0.47351946985394988
    w: -0.88078335115352535
  }
}
twist {
  linear {
    x: 0.49999999999847944
  }
  angular {
    z: 0.50000000000125056
  }
}

header {
  stamp {
    sec: 78
    nsec: 700000000
  }
  data {
    key: "frame_id"
    value: "vehicle_blue/odom"
  }
  data {
    key: "child_frame_id"
    value: "vehicle_blue/chassis"
  }
}
pose {
  position {
    x: 0.78536621525865224
    y: 0.46524088171483235
  }
  orientation {
    z: -0.48449198180541136
    w: -0.87479570161624876
  }
}
twist {
  linear {
    x: 0.49999999999847944
  }
  angular {
    z: 0.50000000000125056
  }
}

header {
  stamp {
    sec: 78
    nsec: 750000000
  }
  data {
    key: "frame_id"
    value: "vehicle_blue/odom"
  }
  data {
    key: "child_frame_id"
    value: "vehicle_blue/chassis"
  }
}
pose {
  position {
    x: 0.798363328785279
    y: 0.48659603305045107
  }
  orientation {
    z: -0.49538879287041176
    w: -0.86867136703036107
  }
}
twist {
  linear {
    x: 0.49999999999847944
  }
  angular {
    z: 0.50000000000125056
  }
}

header {
  stamp {
    sec: 78
    nsec: 800000000
  }
  data {
    key: "frame_id"
    value: "vehicle_blue/odom"
  }
  data {
    key: "child_frame_id"
    value: "vehicle_blue/chassis"
  }
}
pose {
  position {
    x: 0.81082255775270917
    y: 0.50826940524142217
  }
  orientation {
    z: -0.50620820044439163
    w: -0.86241130431068147
  }
}
twist {
  linear {
    x: 0.49999999999847944
  }
  angular {
    z: 0.50000000000125056
  }
}

header {
  stamp {
    sec: 78
    nsec: 850000000
  }
  data {
    key: "frame_id"
    value: "vehicle_blue/odom"
  }
  data {
    key: "child_frame_id"
    value: "vehicle_blue/chassis"
  }
}
pose {
  position {
    x: 0.82273611554840331
    y: 0.530247453135625
  }
  orientation {
    z: -0.51694851401692932
    w: -0.85601649157927362
  }
}
twist {
  linear {
    x: 0.49999999999847944
  }
  angular {
    z: 0.50000000000125056
  }
}

header {
  stamp {
    sec: 78
    nsec: 900000000
  }
  data {
    key: "frame_id"
    value: "vehicle_blue/odom"
  }
  data {
    key: "child_frame_id"
    value: "vehicle_blue/chassis"
  }
}
pose {
  position {
    x: 0.83409655658654314
    y: 0.55251644116854126
  }
  orientation {
    z: -0.52760805543588041
    w: -0.84948792801261686
  }
}
twist {
  linear {
    x: 0.49999999999847944
  }
  angular {
    z: 0.50000000000125056
  }
}

header {
  stamp {
    sec: 78
    nsec: 950000000
  }
  data {
    key: "frame_id"
    value: "vehicle_blue/odom"
  }
  data {
    key: "child_frame_id"
    value: "vehicle_blue/chassis"
  }
}
pose {
  position {
    x: 0.84489678096127685
    y: 0.57506245194753747
  }
  orientation {
    z: -0.53818515916958509
    w: -0.84282663368548594
  }
}
twist {
  linear {
    x: 0.49999999999847944
  }
  angular {
    z: 0.50000000000125056
  }
}

header {
  stamp {
    sec: 79
  }
  data {
    key: "frame_id"
    value: "vehicle_blue/odom"
  }
  data {
    key: "child_frame_id"
    value: "vehicle_blue/chassis"
  }
}
pose {
  position {
    x: 0.85513003888393357
    y: 0.59787139494978114
  }
  orientation {
    z: -0.54867817256710383
    w: -0.83603364941156733
  }
}
twist {
  linear {
    x: 0.49999999999847944
  }
  angular {
    z: 0.50000000000125056
  }
}

header {
  stamp {
    sec: 79
    nsec: 50000000
  }
  data {
    key: "frame_id"
    value: "vehicle_blue/odom"
  }
  data {
    key: "child_frame_id"
    value: "vehicle_blue/chassis"
  }
}
pose {
  position {
    x: 0.86478993490141831
    y: 0.62092901532835865
  }
  orientation {
    z: -0.55908545611644123
    w: -0.82911003658083338
  }
}
twist {
  linear {
    x: 0.49999999999847944
  }
  angular {
    z: 0.50000000000125056
  }
}

header {
  stamp {
    sec: 79
    nsec: 100000000
  }
  data {
    key: "frame_id"
    value: "vehicle_blue/odom"
  }
  data {
    key: "child_frame_id"
    value: "vehicle_blue/chassis"
  }
}
pose {
  position {
    x: 0.87387043189316249
    y: 0.6442209028210919
  }
  orientation {
    z: -0.56940538370071647
    w: -0.82205687699370289
  }
}
twist {
  linear {
    x: 0.49999999999847944
  }
  angular {
    z: 0.50000000000125056
  }
}

header {
  stamp {
    sec: 79
    nsec: 150000000
  }
  data {
    key: "frame_id"
    value: "vehicle_blue/odom"
  }
  data {
    key: "child_frame_id"
    value: "vehicle_blue/chassis"
  }
}
pose {
  position {
    x: 0.88236585484413088
    y: 0.66773250075648038
  }
  orientation {
    z: -0.57963634285224008
    w: -0.81487527269201165
  }
}
twist {
  linear {
    x: 0.49999999999847944
  }
  angular {
    z: 0.50000000000125056
  }
}

header {
  stamp {
    sec: 79
    nsec: 200000000
  }
  data {
    key: "frame_id"
    value: "vehicle_blue/odom"
  }
  data {
    key: "child_frame_id"
    value: "vehicle_blue/chassis"
  }
}
pose {
  position {
    x: 0.89027089439151541
    y: 0.69144911515115137
  }
  orientation {
    z: -0.5897767350044596
    w: -0.80756634578682107
  }
}
twist {
  linear {
    x: 0.49999999999847944
  }
  angular {
    z: 0.50000000000125056
  }
}

header {
  stamp {
    sec: 79
    nsec: 250000000
  }
  data {
    key: "frame_id"
    value: "vehicle_blue/odom"
  }
  data {
    key: "child_frame_id"
    value: "vehicle_blue/chassis"
  }
}
pose {
  position {
    x: 0.89758061014291946
    y: 0.71535592389311542
  }
  orientation {
    z: -0.59982497574173177
    w: -0.80013123828309007
  }
}
twist {
  linear {
    x: 0.49999999999847944
  }
  angular {
    z: 0.50000000000125056
  }
}

header {
  stamp {
    sec: 79
    nsec: 300000000
  }
  data {
    key: "frame_id"
    value: "vehicle_blue/odom"
  }
  data {
    key: "child_frame_id"
    value: "vehicle_blue/chassis"
  }
}
pose {
  position {
    x: 0.90429043376394092
    y: 0.73943798600511046
  }
  orientation {
    z: -0.60977949504688445
    w: -0.79257111190123919
  }
}
twist {
  linear {
    x: 0.49999999999847944
  }
  angular {
    z: 0.50000000000125056
  }
}

header {
  stamp {
    sec: 79
    nsec: 350000000
  }
  data {
    key: "frame_id"
    value: "vehicle_blue/odom"
  }
  data {
    key: "child_frame_id"
    value: "vehicle_blue/chassis"
  }
}
pose {
  position {
    x: 0.91039617183323
    y: 0.76368025098222081
  }
  orientation {
    z: -0.61963873754652865
    w: -0.78488714789563485
  }
}
twist {
  linear {
    x: 0.49999999999847944
  }
  angular {
    z: 0.50000000000125056
  }
}

header {
  stamp {
    sec: 79
    nsec: 400000000
  }
  data {
    key: "frame_id"
    value: "vehicle_blue/odom"
  }
  data {
    key: "child_frame_id"
    value: "vehicle_blue/chassis"
  }
}
pose {
  position {
    x: 0.91589400846324287
    y: 0.7880675681979562
  }
  orientation {
    z: -0.62940116275408231
    w: -0.77708054687001982
  }
}
twist {
  linear {
    x: 0.49999999999847944
  }
  angular {
    z: 0.50000000000125056
  }
}

header {
  stamp {
    sec: 79
    nsec: 450000000
  }
  data {
    key: "frame_id"
    value: "vehicle_blue/odom"
  }
  data {
    key: "child_frame_id"
    value: "vehicle_blue/chassis"
  }
}
pose {
  position {
    x: 0.92078050768505038
    y: 0.81258469637289765
  }
  orientation {
    z: -0.63906524531046849
    w: -0.76915252858992189
  }
}
twist {
  linear {
    x: 0.49999999999847944
  }
  angular {
    z: 0.50000000000125056
  }
}

header {
  stamp {
    sec: 79
    nsec: 500000000
  }
  data {
    key: "frame_id"
    value: "vehicle_blue/odom"
  }
  data {
    key: "child_frame_id"
    value: "vehicle_blue/chassis"
  }
}
pose {
  position {
    x: 0.92505261559569851
    y: 0.837216313100002
  }
  orientation {
    z: -0.64862947522244918
    w: -0.76110433179206793
  }
}
twist {
  linear {
    x: 0.49999999999847944
  }
  angular {
    z: 0.50000000000125056
  }
}

header {
  stamp {
    sec: 79
    nsec: 550000000
  }
  data {
    key: "frame_id"
    value: "vehicle_blue/odom"
  }
  data {
    key: "child_frame_id"
    value: "vehicle_blue/chassis"
  }
}
pose {
  position {
    x: 0.92870766226680856
    y: 0.86194702442060933
  }
  orientation {
    z: -0.658092358098559
    w: -0.75293721399083335
  }
}
twist {
  linear {
    x: 0.49999999999847944
  }
  angular {
    z: 0.50000000000125056
  }
}

header {
  stamp {
    sec: 79
    nsec: 600000000
  }
  data {
    key: "frame_id"
    value: "vehicle_blue/odom"
  }
  data {
    key: "child_frame_id"
    value: "vehicle_blue/chassis"
  }
}
pose {
  position {
    x: 0.93174336341318664
    y: 0.886761374445163
  }
  orientation {
    z: -0.66745241538260069
    w: -0.74465245128175883
  }
}
twist {
  linear {
    x: 0.49999999999847944
  }
  angular {
    z: 0.50000000000125056
  }
}

header {
  stamp {
    sec: 79
    nsec: 650000000
  }
  data {
    key: "frame_id"
    value: "vehicle_blue/odom"
  }
  data {
    key: "child_frame_id"
    value: "vehicle_blue/chassis"
  }
}
pose {
  position {
    x: 0.93415782182043317
    y: 0.91164385501263989
  }
  orientation {
    z: -0.67670818458466664
    w: -0.73625133814216237
  }
}
twist {
  linear {
    x: 0.49999999999847944
  }
  angular {
    z: 0.50000000000125056
  }
}

header {
  stamp {
    sec: 79
    nsec: 700000000
  }
  data {
    key: "frame_id"
    value: "vehicle_blue/odom"
  }
  data {
    key: "child_frame_id"
    value: "vehicle_blue/chassis"
  }
}
pose {
  position {
    x: 0.935949528530637
    y: 0.93657891538264559
  }
  orientation {
    z: -0.68585821950965
    w: -0.72773518722888
  }
}
twist {
  linear {
    x: 0.49999999999847944
  }
  angular {
    z: 0.50000000000125056
  }
}

header {
  stamp {
    sec: 79
    nsec: 750000000
  }
  data {
    key: "frame_id"
    value: "vehicle_blue/odom"
  }
  data {
    key: "child_frame_id"
    value: "vehicle_blue/chassis"
  }
}
pose {
  position {
    x: 0.937117363785428
    y: 0.96155097195411876
  }
  orientation {
    z: -0.694901090483209
    w: -0.71910532917316572
  }
}
twist {
  linear {
    x: 0.49999999999847944
  }
  angular {
    z: 0.50000000000125056
  }
}

header {
  stamp {
    sec: 79
    nsec: 800000000
  }
  data {
    key: "frame_id"
    value: "vehicle_blue/odom"
  }
  data {
    key: "child_frame_id"
    value: "vehicle_blue/chassis"
  }
}
pose {
  position {
    x: 0.93766059772578536
    y: 0.98654441800457893
  }
  orientation {
    z: -0.703835384575152
    w: -0.71036311237278349
  }
}
twist {
  linear {
    x: 0.49999999999847944
  }
  angular {
    z: 0.50000000000125056
  }
}

header {
  stamp {
    sec: 79
    nsec: 850000000
  }
  data {
    key: "frame_id"
    value: "vehicle_blue/odom"
  }
  data {
    key: "child_frame_id"
    value: "vehicle_blue/chassis"
  }
}
pose {
  position {
    x: 0.93757889084817947
    y: 1.0115436334438159
  }
  orientation {
    z: -0.7126597058202041
    w: -0.70150990278132241
  }
}
twist {
  linear {
    x: 0.49999999999847944
  }
  angular {
    z: 0.50000000000125056
  }
}

header {
  stamp {
    sec: 79
    nsec: 900000000
  }
  data {
    key: "frame_id"
    value: "vehicle_blue/odom"
  }
  data {
    key: "child_frame_id"
    value: "vehicle_blue/chassis"
  }
}
pose {
  position {
    x: 0.93687229421675067
    y: 1.0365329945759394
  }
  orientation {
    z: -0.72137267543612327
    w: -0.69254708369476914
  }
}
twist {
  linear {
    x: 0.49999999999847944
  }
  angular {
    z: 0.50000000000125056
  }
}

header {
  stamp {
    sec: 79
    nsec: 950000000
  }
  data {
    key: "frame_id"
    value: "vehicle_blue/odom"
  }
  data {
    key: "child_frame_id"
    value: "vehicle_blue/chassis"
  }
}
pose {
  position {
    x: 0.93554124943139061
    y: 1.06149688386368
  }
  orientation {
    z: -0.72997293203913383
    w: -0.68347605553537139
  }
}
twist {
  linear {
    x: 0.49999999999847944
  }
  angular {
    z: 0.50000000000125056
  }
}

header {
  stamp {
    sec: 80
  }
  data {
    key: "frame_id"
    value: "vehicle_blue/odom"
  }
  data {
    key: "child_frame_id"
    value: "vehicle_blue/chassis"
  }
}
pose {
  position {
    x: 0.93358658835176456
    y: 1.0864196996888429
  }
  orientation {
    z: -0.7384591318566387
    w: -0.674298235632824
  }
}
twist {
  linear {
    x: 0.49999999999847944
  }
  angular {
    z: 0.50000000000125056
  }
}

header {
  stamp {
    sec: 80
    nsec: 50000000
  }
  data {
    key: "frame_id"
    value: "vehicle_blue/odom"
  }
  data {
    key: "child_frame_id"
    value: "vehicle_blue/chassis"
  }
}
pose {
  position {
    x: 0.93100953257741959
    y: 1.1112858661028104
  }
  orientation {
    z: -0.74682994893718146
    w: -0.66501505800281457
  }
}
twist {
  linear {
    x: 0.49999999999847944
  }
  angular {
    z: 0.50000000000125056
  }
}

header {
  stamp {
    sec: 80
    nsec: 100000000
  }
  data {
    key: "frame_id"
    value: "vehicle_blue/odom"
  }
  data {
    key: "child_frame_id"
    value: "vehicle_blue/chassis"
  }
}
pose {
  position {
    x: 0.92781169268432839
    y: 1.1360798425610021
  }
  orientation {
    z: -0.75508407535762367
    w: -0.65562797312296128
  }
}
twist {
  linear {
    x: 0.49999999999847944
  }
  angular {
    z: 0.50000000000125056
  }
}

header {
  stamp {
    sec: 80
    nsec: 150000000
  }
  data {
    key: "frame_id"
    value: "vehicle_blue/odom"
  }
  data {
    key: "child_frame_id"
    value: "vehicle_blue/chassis"
  }
}
pose {
  position {
    x: 0.92399506721832858
    y: 1.1607861336352097
  }
  orientation {
    z: -0.76322022142750523
    w: -0.64613844770617845
  }
}
twist {
  linear {
    x: 0.49999999999847944
  }
  angular {
    z: 0.50000000000125056
  }
}

header {
  stamp {
    sec: 80
    nsec: 200000000
  }
  data {
    key: "frame_id"
    value: "vehicle_blue/odom"
  }
  data {
    key: "child_frame_id"
    value: "vehicle_blue/chassis"
  }
}
pose {
  position {
    x: 0.91956204144610232
    y: 1.1853892986977372
  }
  orientation {
    z: -0.77123711589055544
    w: -0.6365479644715063
  }
}
twist {
  linear {
    x: 0.49999999999847944
  }
  angular {
    z: 0.50000000000125056
  }
}

header {
  stamp {
    sec: 80
    nsec: 250000000
  }
  data {
    key: "frame_id"
    value: "vehicle_blue/odom"
  }
  data {
    key: "child_frame_id"
    value: "vehicle_blue/chassis"
  }
}
pose {
  position {
    x: 0.91451538586445358
    y: 1.2098739615712861
  }
  orientation {
    z: -0.77913350612332488
    w: -0.62685802191243822
  }
}
twist {
  linear {
    x: 0.49999999999847944
  }
  angular {
    z: 0.50000000000125056
  }
}

header {
  stamp {
    sec: 80
    nsec: 300000000
  }
  data {
    key: "frame_id"
    value: "vehicle_blue/odom"
  }
  data {
    key: "child_frame_id"
    value: "vehicle_blue/chassis"
  }
}
pose {
  position {
    x: 0.90885825446884627
    y: 1.2342248201385739
  }
  orientation {
    z: -0.78690815833090477
    w: -0.61707013406278521
  }
}
twist {
  linear {
    x: 0.49999999999847944
  }
  angular {
    z: 0.50000000000125056
  }
}

header {
  stamp {
    sec: 80
    nsec: 350000000
  }
  data {
    key: "frame_id"
    value: "vehicle_blue/odom"
  }
  data {
    key: "child_frame_id"
    value: "vehicle_blue/chassis"
  }
}
pose {
  position {
    x: 0.90259418278225578
    y: 1.2584266559056483
  }
  orientation {
    z: -0.79455985773970528
    w: -0.60718583026011019
  }
}
twist {
  linear {
    x: 0.49999999999847944
  }
  angular {
    z: 0.50000000000125056
  }
}

header {
  stamp {
    sec: 80
    nsec: 400000000
  }
  data {
    key: "frame_id"
    value: "vehicle_blue/odom"
  }
  data {
    key: "child_frame_id"
    value: "vehicle_blue/chassis"
  }
}
pose {
  position {
    x: 0.89572708564558057
    y: 1.282464343512959
  }
  orientation {
    z: -0.802087408787261
    w: -0.59720665490677283
  }
}
twist {
  linear {
    x: 0.49999999999847944
  }
  angular {
    z: 0.50000000000125056
  }
}

header {
  stamp {
    sec: 80
    nsec: 450000000
  }
  data {
    key: "frame_id"
    value: "vehicle_blue/odom"
  }
  data {
    key: "child_frame_id"
    value: "vehicle_blue/chassis"
  }
}
pose {
  position {
    x: 0.88826125477099815
    y: 1.306322860188212
  }
  orientation {
    z: -0.80948963530903562
    w: -0.58713416722861944
  }
}
twist {
  linear {
    x: 0.49999999999847944
  }
  angular {
    z: 0.50000000000125056
  }
}

header {
  stamp {
    sec: 80
    nsec: 500000000
  }
  data {
    key: "frame_id"
    value: "vehicle_blue/odom"
  }
  data {
    key: "child_frame_id"
    value: "vehicle_blue/chassis"
  }
}
pose {
  position {
    x: 0.880201356059782
    y: 1.3299872951351133
  }
  orientation {
    z: -0.81676538072219484
    w: -0.57696994103135746
  }
}
twist {
  linear {
    x: 0.49999999999847944
  }
  angular {
    z: 0.50000000000125056
  }
}

header {
  stamp {
    sec: 80
    nsec: 550000000
  }
  data {
    key: "frame_id"
    value: "vehicle_blue/odom"
  }
  data {
    key: "child_frame_id"
    value: "vehicle_blue/chassis"
  }
}
pose {
  position {
    x: 0.87155242668626509
    y: 1.3534428588521321
  }
  orientation {
    z: -0.82391350820632026
    w: -0.5667155644546511
  }
}
twist {
  linear {
    x: 0.49999999999847944
  }
  angular {
    z: 0.50000000000125056
  }
}

header {
  stamp {
    sec: 80
    nsec: 600000000
  }
  data {
    key: "frame_id"
    value: "vehicle_blue/odom"
  }
  data {
    key: "child_frame_id"
    value: "vehicle_blue/chassis"
  }
}
pose {
  position {
    x: 0.86231987194977133
    y: 1.3766748923754561
  }
  orientation {
    z: -0.83093290088103544
    w: -0.556372639723978
  }
}
twist {
  linear {
    x: 0.49999999999847944
  }
  angular {
    z: 0.50000000000125056
  }
}

header {
  stamp {
    sec: 80
    nsec: 650000000
  }
  data {
    key: "frame_id"
    value: "vehicle_blue/odom"
  }
  data {
    key: "child_frame_id"
    value: "vehicle_blue/chassis"
  }
}
pose {
  position {
    x: 0.85250946189647914
    y: 1.3996688764403689
  }
  orientation {
    z: -0.83782246198051569
    w: -0.54594278290028464
  }
}
twist {
  linear {
    x: 0.49999999999847944
  }
  angular {
    z: 0.50000000000125056
  }
}

header {
  stamp {
    sec: 80
    nsec: 700000000
  }
  data {
    key: "frame_id"
    value: "vehicle_blue/odom"
  }
  data {
    key: "child_frame_id"
    value: "vehicle_blue/chassis"
  }
}
pose {
  position {
    x: 0.84212732771332732
    y: 1.4224104405553168
  }
  orientation {
    z: -0.84458111502485622
    w: -0.53542762362748042
  }
}
twist {
  linear {
    x: 0.49999999999847944
  }
  angular {
    z: 0.50000000000125056
  }
}

header {
  stamp {
    sec: 80
    nsec: 750000000
  }
  data {
    key: "frame_id"
    value: "vehicle_blue/odom"
  }
  data {
    key: "child_frame_id"
    value: "vehicle_blue/chassis"
  }
}
pose {
  position {
    x: 0.83117995789623
    y: 1.4448853719829973
  }
  orientation {
    z: -0.8512078039882689
    w: -0.52482880487780847
  }
}
twist {
  linear {
    x: 0.49999999999847944
  }
  angular {
    z: 0.50000000000125056
  }
}

header {
  stamp {
    sec: 80
    nsec: 800000000
  }
  data {
    key: "frame_id"
    value: "vehicle_blue/odom"
  }
  data {
    key: "child_frame_id"
    value: "vehicle_blue/chassis"
  }
}
pose {
  position {
    x: 0.81967419419496812
    y: 1.4670796246228575
  }
  orientation {
    z: -0.85770149346408564
    w: -0.5141479826951354
  }
}
twist {
  linear {
    x: 0.49999999999847944
  }
  angular {
    z: 0.50000000000125056
  }
}

header {
  stamp {
    sec: 80
    nsec: 850000000
  }
  data {
    key: "frame_id"
    value: "vehicle_blue/odom"
  }
  data {
    key: "child_frame_id"
    value: "vehicle_blue/chassis"
  }
}
pose {
  position {
    x: 0.80761722733732788
    y: 1.488979327789453
  }
  orientation {
    z: -0.86406116882653683
    w: -0.503386825936197
  }
}
twist {
  linear {
    x: 0.49999999999847944
  }
  angular {
    z: 0.50000000000125056
  }
}

header {
  stamp {
    sec: 80
    nsec: 900000000
  }
  data {
    key: "frame_id"
    value: "vehicle_blue/odom"
  }
  data {
    key: "child_frame_id"
    value: "vehicle_blue/chassis"
  }
}
pose {
  position {
    x: 0.79501659253512358
    y: 1.5105707948811689
  }
  orientation {
    z: -0.870285836389286
    w: -0.49254701600984352
  }
}
twist {
  linear {
    x: 0.49999999999847944
  }
  angular {
    z: 0.50000000000125056
  }
}

header {
  stamp {
    sec: 80
    nsec: 950000000
  }
  data {
    key: "frame_id"
    value: "vehicle_blue/odom"
  }
  data {
    key: "child_frame_id"
    value: "vehicle_blue/chassis"
  }
}
pose {
  position {
    x: 0.78188016477493771
    y: 1.5318405319339081
  }
  orientation {
    z: -0.87637452356069045
    w: -0.48163024661432224
  }
}
twist {
  linear {
    x: 0.49999999999847944
  }
  angular {
    z: 0.50000000000125056
  }
}

header {
  stamp {
    sec: 81
  }
  data {
    key: "frame_id"
    value: "vehicle_blue/odom"
  }
  data {
    key: "child_frame_id"
    value: "vehicle_blue/chassis"
  }
}
pose {
  position {
    x: 0.76821615389651254
    y: 1.5527752460543702
  }
  orientation {
    z: -0.8823262789957671
    w: -0.47063822347264128
  }
}
twist {
  linear {
    x: 0.49999999999847944
  }
  angular {
    z: 0.50000000000125056
  }
}

header {
  stamp {
    sec: 81
    nsec: 50000000
  }
  data {
    key: "frame_id"
    value: "vehicle_blue/odom"
  }
  data {
    key: "child_frame_id"
    value: "vehicle_blue/chassis"
  }
}
pose {
  position {
    x: 0.7540330994618627
    y: 1.5733618537276839
  }
  orientation {
    z: -0.888140172744838
    w: -0.45957266406605329
  }
}
twist {
  linear {
    x: 0.49999999999847944
  }
  angular {
    z: 0.50000000000125056
  }
}

header {
  stamp {
    sec: 81
    nsec: 100000000
  }
  data {
    key: "frame_id"
    value: "vehicle_blue/odom"
  }
  data {
    key: "child_frame_id"
    value: "vehicle_blue/chassis"
  }
}
pose {
  position {
    x: 0.73933986541833363
    y: 1.5935874889941792
  }
  orientation {
    z: -0.89381529639883306
    w: -0.44843529736570265
  }
}
twist {
  linear {
    x: 0.49999999999847944
  }
  angular {
    z: 0.50000000000125056
  }
}

header {
  stamp {
    sec: 81
    nsec: 150000000
  }
  data {
    key: "frame_id"
    value: "vehicle_blue/odom"
  }
  data {
    key: "child_frame_id"
    value: "vehicle_blue/chassis"
  }
}
pose {
  position {
    x: 0.72414563455891467
    y: 1.6134395114901836
  }
  orientation {
    z: -0.89935076323122765
    w: -0.43722786356247745
  }
}
twist {
  linear {
    x: 0.49999999999847944
  }
  angular {
    z: 0.50000000000125056
  }
}

header {
  stamp {
    sec: 81
    nsec: 200000000
  }
  data {
    key: "frame_id"
    value: "vehicle_blue/odom"
  }
  data {
    key: "child_frame_id"
    value: "vehicle_blue/chassis"
  }
}
pose {
  position {
    x: 0.7084599027833024
    y: 1.632905514347851
  }
  orientation {
    z: -0.90474570833659085
    w: -0.42595211379510806
  }
}
twist {
  linear {
    x: 0.49999999999847944
  }
  angular {
    z: 0.50000000000125056
  }
}

header {
  stamp {
    sec: 81
    nsec: 250000000
  }
  data {
    key: "frame_id"
    value: "vehicle_blue/odom"
  }
  data {
    key: "child_frame_id"
    value: "vehicle_blue/chassis"
  }
}
pose {
  position {
    x: 0.6922924731632607
    y: 1.6519733319490413
  }
  orientation {
    z: -0.90999928876572589
    w: -0.414609809876555
  }
}
twist {
  linear {
    x: 0.49999999999847944
  }
  angular {
    z: 0.50000000000125056
  }
}

header {
  stamp {
    sec: 81
    nsec: 300000000
  }
  data {
    key: "frame_id"
    value: "vehicle_blue/odom"
  }
  data {
    key: "child_frame_id"
    value: "vehicle_blue/chassis"
  }
}
pose {
  position {
    x: 0.67565344981603281
    y: 1.6706310475284363
  }
  orientation {
    z: -0.91511068365737924
    w: -0.40320272401872986
  }
}
twist {
  linear {
    x: 0.49999999999847944
  }
  angular {
    z: 0.50000000000125056
  }
}

header {
  stamp {
    sec: 81
    nsec: 350000000
  }
  data {
    key: "frame_id"
    value: "vehicle_blue/odom"
  }
  data {
    key: "child_frame_id"
    value: "vehicle_blue/chassis"
  }
}
pose {
  position {
    x: 0.65855323158958468
    y: 1.6888670006211342
  }
  orientation {
    z: -0.920079094366498
    w: -0.39173263855559026
  }
}
twist {
  linear {
    x: 0.49999999999847944
  }
  angular {
    z: 0.50000000000125056
  }
}

header {
  stamp {
    sec: 81
    nsec: 400000000
  }
  data {
    key: "frame_id"
    value: "vehicle_blue/odom"
  }
  data {
    key: "child_frame_id"
    value: "vehicle_blue/chassis"
  }
}
pose {
  position {
    x: 0.64100250556367322
    y: 1.7066697943500575
  }
  orientation {
    z: -0.92490374458901747
    w: -0.380201345664654
  }
}
twist {
  linear {
    x: 0.49999999999847944
  }
  angular {
    z: 0.50000000000125056
  }
}

header {
  stamp {
    sec: 81
    nsec: 450000000
  }
  data {
    key: "frame_id"
    value: "vehicle_blue/odom"
  }
  data {
    key: "child_frame_id"
    value: "vehicle_blue/chassis"
  }
}
pose {
  position {
    x: 0.62301224037076341
    y: 1.724028302548632
  }
  orientation {
    z: -0.92958388048315566
    w: -0.36861064708697489
  }
}
twist {
  linear {
    x: 0.49999999999847944
  }
  angular {
    z: 0.50000000000125056
  }
}

header {
  stamp {
    sec: 81
    nsec: 500000000
  }
  data {
    key: "frame_id"
    value: "vehicle_blue/odom"
  }
  data {
    key: "child_frame_id"
    value: "vehicle_blue/chassis"
  }
}
pose {
  position {
    x: 0.60459367934099251
    y: 1.7409316767142768
  }
  orientation {
    z: -0.934118770787201
    w: -0.35696235384562441
  }
}
twist {
  linear {
    x: 0.49999999999847944
  }
  angular {
    z: 0.50000000000125056
  }
}

header {
  stamp {
    sec: 81
    nsec: 550000000
  }
  data {
    key: "frame_id"
    value: "vehicle_blue/odom"
  }
  data {
    key: "child_frame_id"
    value: "vehicle_blue/chassis"
  }
}
pose {
  position {
    x: 0.585758333475454
    y: 1.7573693527883687
  }
  orientation {
    z: -0.93850770693376961
    w: -0.34525828596272329
  }
}
twist {
  linear {
    x: 0.49999999999847944
  }
  angular {
    z: 0.50000000000125056
  }
}

header {
  stamp {
    sec: 81
    nsec: 600000000
  }
  data {
    key: "frame_id"
    value: "vehicle_blue/odom"
  }
  data {
    key: "child_frame_id"
    value: "vehicle_blue/chassis"
  }
}
pose {
  position {
    x: 0.56651797425219774
    y: 1.773331057758428
  }
  orientation {
    z: -0.942750003160518
    w: -0.33350027217506645
  }
}
twist {
  linear {
    x: 0.49999999999847944
  }
  angular {
    z: 0.50000000000125056
  }
}

header {
  stamp {
    sec: 81
    nsec: 650000000
  }
  data {
    key: "frame_id"
    value: "vehicle_blue/odom"
  }
  data {
    key: "child_frame_id"
    value: "vehicle_blue/chassis"
  }
}
pose {
  position {
    x: 0.54688462626943557
    y: 1.788806816078427
  }
  orientation {
    z: -0.94684499661729149
    w: -0.32169014964838633
  }
}
twist {
  linear {
    x: 0.49999999999847944
  }
  angular {
    z: 0.50000000000125056
  }
}

header {
  stamp {
    sec: 81
    nsec: 700000000
  }
  data {
    key: "frame_id"
    value: "vehicle_blue/odom"
  }
  data {
    key: "child_frame_id"
    value: "vehicle_blue/chassis"
  }
}
pose {
  position {
    x: 0.52687055973056651
    y: 1.8037869559031707
  }
  orientation {
    z: -0.95079204746969392
    w: -0.3098297636903003
  }
}
twist {
  linear {
    x: 0.49999999999847944
  }
  angular {
    z: 0.50000000000125056
  }
}

header {
  stamp {
    sec: 81
    nsec: 750000000
  }
  data {
    key: "frame_id"
    value: "vehicle_blue/odom"
  }
  data {
    key: "child_frame_id"
    value: "vehicle_blue/chassis"
  }
}
pose {
  position {
    x: 0.50648828277568969
    y: 1.8182621151328962
  }
  orientation {
    z: -0.95459053899905966
    w: -0.29792096746198443
  }
}
twist {
  linear {
    x: 0.49999999999847944
  }
  angular {
    z: 0.50000000000125056
  }
}

header {
  stamp {
    sec: 81
    nsec: 800000000
  }
  data {
    key: "frame_id"
    value: "vehicle_blue/odom"
  }
  data {
    key: "child_frame_id"
    value: "vehicle_blue/chassis"
  }
}
pose {
  position {
    x: 0.48575053366443
    y: 1.8322232472642688
  }
  orientation {
    z: -0.95823987769881536
    w: -0.28596562168862094
  }
}
twist {
  linear {
    x: 0.49999999999847944
  }
  angular {
    z: 0.50000000000125056
  }
}

header {
  stamp {
    sec: 81
    nsec: 850000000
  }
  data {
    key: "frame_id"
    value: "vehicle_blue/odom"
  }
  data {
    key: "child_frame_id"
    value: "vehicle_blue/chassis"
  }
}
pose {
  position {
    x: 0.46467027281493978
    y: 1.8456616270441633
  }
  orientation {
    z: -0.96173949336721365
    w: -0.27396559436866391
  }
}
twist {
  linear {
    x: 0.49999999999847944
  }
  angular {
    z: 0.50000000000125056
  }
}

header {
  stamp {
    sec: 81
    nsec: 900000000
  }
  data {
    key: "frame_id"
    value: "vehicle_blue/odom"
  }
  data {
    key: "child_frame_id"
    value: "vehicle_blue/chassis"
  }
}
pose {
  position {
    x: 0.44326067470405828
    y: 1.8585688559226532
  }
  orientation {
    z: -0.9650888391964263
    w: -0.26192276048196811
  }
}
twist {
  linear {
    x: 0.49999999999847944
  }
  angular {
    z: 0.50000000000125056
  }
}

header {
  stamp {
    sec: 81
    nsec: 950000000
  }
  data {
    key: "frame_id"
    value: "vehicle_blue/odom"
  }
  data {
    key: "child_frame_id"
    value: "vehicle_blue/chassis"
  }
}
pose {
  position {
    x: 0.42153511963369134
    y: 1.8709368673018405
  }
  orientation {
    z: -0.96828739185798185
    w: -0.24983900169682721
  }
}
twist {
  linear {
    x: 0.49999999999847944
  }
  angular {
    z: 0.50000000000125056
  }
}

header {
  stamp {
    sec: 82
  }
  data {
    key: "frame_id"
    value: "vehicle_blue/odom"
  }
  data {
    key: "child_frame_id"
    value: "vehicle_blue/chassis"
  }
}
pose {
  position {
    x: 0.39950718536856195
    y: 1.8827579315772065
  }
  orientation {
    z: -0.97133465158453414
    w: -0.23771620607596702
  }
}
twist {
  linear {
    x: 0.49999999999847944
  }
  angular {
    z: 0.50000000000125056
  }
}

header {
  stamp {
    sec: 82
    nsec: 50000000
  }
  data {
    key: "frame_id"
    value: "vehicle_blue/odom"
  }
  data {
    key: "child_frame_id"
    value: "vehicle_blue/chassis"
  }
}
pose {
  position {
    x: 0.3771906386505442
    y: 1.8940246609683726
  }
  orientation {
    z: -0.97423014224795079
    w: -0.22555626778153964
  }
}
twist {
  linear {
    x: 0.49999999999847944
  }
  angular {
    z: 0.50000000000125056
  }
}

header {
  stamp {
    sec: 82
    nsec: 100000000
  }
  data {
    key: "frame_id"
    value: "vehicle_blue/odom"
  }
  data {
    key: "child_frame_id"
    value: "vehicle_blue/chassis"
  }
}
pose {
  position {
    x: 0.35459942659490368
    y: 1.9047300141362156
  }
  orientation {
    z: -0.97697341143370631
    w: -0.21336108677916424
  }
}
twist {
  linear {
    x: 0.49999999999847944
  }
  angular {
    z: 0.50000000000125056
  }
}

header {
  stamp {
    sec: 82
    nsec: 150000000
  }
  data {
    key: "frame_id"
    value: "vehicle_blue/odom"
  }
  data {
    key: "child_frame_id"
    value: "vehicle_blue/chassis"
  }
}
pose {
  position {
    x: 0.33174766797379773
    y: 1.914867300583482
  }
  orientation {
    z: -0.9795640305115717
    w: -0.2011325685410614
  }
}
twist {
  linear {
    x: 0.49999999999847944
  }
  angular {
    z: 0.50000000000125056
  }
}

header {
  stamp {
    sec: 82
    nsec: 200000000
  }
  data {
    key: "frame_id"
    value: "vehicle_blue/odom"
  }
  data {
    key: "child_frame_id"
    value: "vehicle_blue/chassis"
  }
}
pose {
  position {
    x: 0.3086496443925093
    y: 1.9244301848361236
  }
  orientation {
    z: -0.98200159470258652
    w: -0.18887262374832695
  }
}
twist {
  linear {
    x: 0.49999999999847944
  }
  angular {
    z: 0.50000000000125056
  }
}

header {
  stamp {
    sec: 82
    nsec: 250000000
  }
  data {
    key: "frame_id"
    value: "vehicle_blue/odom"
  }
  data {
    key: "child_frame_id"
    value: "vehicle_blue/chassis"
  }
}
pose {
  position {
    x: 0.28531979136390273
    y: 1.9334126904027698
  }
  orientation {
    z: -0.98428572314230522
    w: -0.17658316799239201
  }
}
twist {
  linear {
    x: 0.49999999999847944
  }
  angular {
    z: 0.50000000000125056
  }
}

header {
  stamp {
    sec: 82
    nsec: 300000000
  }
  data {
    key: "frame_id"
    value: "vehicle_blue/odom"
  }
  data {
    key: "child_frame_id"
    value: "vehicle_blue/chassis"
  }
}
pose {
  position {
    x: 0.2617726892867015
    y: 1.9418092035098331
  }
  orientation {
    z: -0.98641605894030615
    w: -0.16426612147571565
  }
}
twist {
  linear {
    x: 0.49999999999847944
  }
  angular {
    z: 0.50000000000125056
  }
}

header {
  stamp {
    sec: 82
    nsec: 350000000
  }
  data {
    key: "frame_id"
    value: "vehicle_blue/odom"
  }
  data {
    key: "child_frame_id"
    value: "vehicle_blue/chassis"
  }
}
pose {
  position {
    x: 0.23802305433321364
    y: 1.9496144766099397
  }
  orientation {
    z: -0.988392269235955
    w: -0.15192340871175711
  }
}
twist {
  linear {
    x: 0.49999999999847944
  }
  angular {
    z: 0.50000000000125056
  }
}

header {
  stamp {
    sec: 82
    nsec: 400000000
  }
  data {
    key: "frame_id"
    value: "vehicle_blue/odom"
  }
  data {
    key: "child_frame_id"
    value: "vehicle_blue/chassis"
  }
}
pose {
  position {
    x: 0.21408572925219987
    y: 1.9568236316614751
  }
  orientation {
    z: -0.99021404525041357
    w: -0.13955695822427455
  }
}
twist {
  linear {
    x: 0.49999999999847944
  }
  angular {
    z: 0.50000000000125056
  }
}

header {
  stamp {
    sec: 82
    nsec: 450000000
  }
  data {
    key: "frame_id"
    value: "vehicle_blue/odom"
  }
  data {
    key: "child_frame_id"
    value: "vehicle_blue/chassis"
  }
}
pose {
  position {
    x: 0.18997567409264315
    y: 1.9634321631772009
  }
  orientation {
    z: -0.99188110233488624
    w: -0.12716870224599724
  }
}
twist {
  linear {
    x: 0.49999999999847944
  }
  angular {
    z: 0.50000000000125056
  }
}

header {
  stamp {
    sec: 82
    nsec: 500000000
  }
  data {
    key: "frame_id"
    value: "vehicle_blue/odom"
  }
  data {
    key: "child_frame_id"
    value: "vehicle_blue/chassis"
  }
}
pose {
  position {
    x: 0.16570795685420164
    y: 1.9694359410400351
  }
  orientation {
    z: -0.99339318001509491
    w: -0.11476057641671791
  }
}
twist {
  linear {
    x: 0.49999999999847944
  }
  angular {
    z: 0.50000000000125056
  }
}

header {
  stamp {
    sec: 82
    nsec: 550000000
  }
  data {
    key: "frame_id"
    value: "vehicle_blue/odom"
  }
  data {
    key: "child_frame_id"
    value: "vehicle_blue/chassis"
  }
}
pose {
  position {
    x: 0.14129774407020163
    y: 1.9748312130842463
  }
  orientation {
    z: -0.99475004203197848
    w: -0.10233451948085313
  }
}
twist {
  linear {
    x: 0.49999999999847944
  }
  angular {
    z: 0.50000000000125056
  }
}

header {
  stamp {
    sec: 82
    nsec: 600000000
  }
  data {
    key: "frame_id"
    value: "vehicle_blue/odom"
  }
  data {
    key: "child_frame_id"
    value: "vehicle_blue/chassis"
  }
}
pose {
  position {
    x: 0.11676029132904595
    y: 1.9796146074404284
  }
  orientation {
    z: -0.99595147637860737
    w: -0.08989247298451844
  }
}
twist {
  linear {
    x: 0.49999999999847944
  }
  angular {
    z: 0.50000000000125056
  }
}

header {
  stamp {
    sec: 82
    nsec: 650000000
  }
  data {
    key: "frame_id"
    value: "vehicle_blue/odom"
  }
  data {
    key: "child_frame_id"
    value: "vehicle_blue/chassis"
  }
}
pose {
  position {
    x: 0.092110933739969758
    y: 1.9837831346428181
  }
  orientation {
    z: -0.99699729533330916
    w: -0.0774363809721656
  }
}
twist {
  linear {
    x: 0.49999999999847944
  }
  angular {
    z: 0.50000000000125056
  }
}

header {
  stamp {
    sec: 82
    nsec: 700000000
  }
  data {
    key: "frame_id"
    value: "vehicle_blue/odom"
  }
  data {
    key: "child_frame_id"
    value: "vehicle_blue/chassis"
  }
}
pose {
  position {
    x: 0.067365076349094874
    y: 1.9873341894976029
  }
  orientation {
    z: -0.99788733548899988
    w: -0.064968189682829691
  }
}
twist {
  linear {
    x: 0.49999999999847944
  }
  angular {
    z: 0.50000000000125056
  }
}

header {
  stamp {
    sec: 82
    nsec: 750000000
  }
  data {
    key: "frame_id"
    value: "vehicle_blue/odom"
  }
  data {
    key: "child_frame_id"
    value: "vehicle_blue/chassis"
  }
}
pose {
  position {
    x: 0.042538184511778439
    y: 1.9902655527110904
  }
  orientation {
    z: -0.99862145777871614
    w: -0.052489847246033207
  }
}
twist {
  linear {
    x: 0.49999999999847944
  }
  angular {
    z: 0.50000000000125056
  }
}

header {
  stamp {
    sec: 82
    nsec: 800000000
  }
  data {
    key: "frame_id"
    value: "vehicle_blue/odom"
  }
  data {
    key: "child_frame_id"
    value: "vehicle_blue/chassis"
  }
}
pose {
  position {
    x: 0.017645774227268454
    y: 1.9925753922766933
  }
  orientation {
    z: -0.99919954749734352
    w: -0.040003303377394807
  }
}
twist {
  linear {
    x: 0.49999999999847944
  }
  angular {
    z: 0.50000000000125056
  }
}

header {
  stamp {
    sec: 82
    nsec: 850000000
  }
  data {
    key: "frame_id"
    value: "vehicle_blue/odom"
  }
  data {
    key: "child_frame_id"
    value: "vehicle_blue/chassis"
  }
}
pose {
  position {
    x: -0.0072965975582900367
    y: 1.9942622646198711
  }
  orientation {
    z: -0.99962151431953983
    w: -0.02751050907399016
  }
}
twist {
  linear {
    x: 0.49999999999847944
  }
  angular {
    z: 0.50000000000125056
  }
}

header {
  stamp {
    sec: 82
    nsec: 900000000
  }
  data {
    key: "frame_id"
    value: "vehicle_blue/odom"
  }
  data {
    key: "child_frame_id"
    value: "vehicle_blue/chassis"
  }
}
pose {
  position {
    x: -0.032273342674440243
    y: 1.9953251155003202
  }
  orientation {
    z: -0.99988729231384743
    w: -0.015013416309512662
  }
}
twist {
  linear {
    x: 0.49999999999847944
  }
  angular {
    z: 0.50000000000125056
  }
}

header {
  stamp {
    sec: 82
    nsec: 950000000
  }
  data {
    key: "frame_id"
    value: "vehicle_blue/odom"
  }
  data {
    key: "child_frame_id"
    value: "vehicle_blue/chassis"
  }
}
pose {
  position {
    x: -0.057268851468512648
    y: 1.9957632806708361
  }
  orientation {
    z: -0.99999683995299538
    w: -0.0025139777292815034
  }
}
twist {
  linear {
    x: 0.49999999999847944
  }
  angular {
    z: 0.50000000000125056
  }
}

header {
  stamp {
    sec: 83
  }
  data {
    key: "frame_id"
    value: "vehicle_blue/odom"
  }
  data {
    key: "child_frame_id"
    value: "vehicle_blue/chassis"
  }
}
pose {
  position {
    x: -0.0822675025611498
    y: 1.9955764862924519
  }
  orientation {
    z: -0.99995014012038808
    w: 0.0099858536548551816
  }
}
twist {
  linear {
    x: 0.49999999999847944
  }
  angular {
    z: 0.50000000000125056
  }
}

header {
  stamp {
    sec: 83
    nsec: 50000000
  }
  data {
    key: "frame_id"
    value: "vehicle_blue/odom"
  }
  data {
    key: "child_frame_id"
    value: "vehicle_blue/chassis"
  }
}
pose {
  position {
    x: -0.10725367260915993
    y: 1.9947648491055709
  }
  orientation {
    z: -0.9997472001127794
    w: 0.022484124769674454
  }
}
twist {
  linear {
    x: 0.49999999999847944
  }
  angular {
    z: 0.50000000000125056
  }
}

header {
  stamp {
    sec: 83
    nsec: 100000000
  }
  data {
    key: "frame_id"
    value: "vehicle_blue/odom"
  }
  data {
    key: "child_frame_id"
    value: "vehicle_blue/chassis"
  }
}
pose {
  position {
    x: -0.1322117460695979
    y: 1.9933288763570187
  }
  orientation {
    z: -0.99938805163913247
    w: 0.03497888278574228
  }
}
twist {
  linear {
    x: 0.49999999999847944
  }
  angular {
    z: 0.50000000000125056
  }
}

header {
  stamp {
    sec: 83
    nsec: 150000000
  }
  data {
    key: "frame_id"
    value: "vehicle_blue/odom"
  }
  data {
    key: "child_frame_id"
    value: "vehicle_blue/chassis"
  }
}
pose {
  position {
    x: -0.15712612495897119
    y: 1.9912694654830172
  }
  orientation {
    z: -0.99887275081566573
    w: 0.047468175422539144
  }
}
twist {
  linear {
    x: 0.49999999999847944
  }
  angular {
    z: 0.50000000000125056
  }
}

header {
  stamp {
    sec: 83
    nsec: 200000000
  }
  data {
    key: "frame_id"
    value: "vehicle_blue/odom"
  }
  data {
    key: "child_frame_id"
    value: "vehicle_blue/chassis"
  }
}
pose {
  position {
    x: -0.18198123860147192
    y: 1.9885879035483274
  }
  orientation {
    z: -0.99820137815708454
    w: 0.059950051253499961
  }
}
twist {
  linear {
    x: 0.49999999999847944
  }
  angular {
    z: 0.50000000000125056
  }
}

header {
  stamp {
    sec: 83
    nsec: 250000000
  }
  data {
    key: "frame_id"
    value: "vehicle_blue/odom"
  }
  data {
    key: "child_frame_id"
    value: "vehicle_blue/chassis"
  }
}
pose {
  position {
    x: -0.20676155336014251
    y: 1.9852858664418696
  }
  orientation {
    z: -0.99737403856400064
    w: 0.0724225600109204
  }
}
twist {
  linear {
    x: 0.49999999999847944
  }
  angular {
    z: 0.50000000000125056
  }
}

header {
  stamp {
    sec: 83
    nsec: 300000000
  }
  data {
    key: "frame_id"
    value: "vehicle_blue/odom"
  }
  data {
    key: "child_frame_id"
    value: "vehicle_blue/chassis"
  }
}
pose {
  position {
    x: -0.23145158234489233
    y: 1.9813654178293492
  }
  orientation {
    z: -0.99639086130654253
    w: 0.0848837528906824
  }
}
twist {
  linear {
    x: 0.49999999999847944
  }
  angular {
    z: 0.50000000000125056
  }
}

header {
  stamp {
    sec: 83
    nsec: 350000000
  }
  data {
    key: "frame_id"
    value: "vehicle_blue/odom"
  }
  data {
    key: "child_frame_id"
    value: "vehicle_blue/chassis"
  }
}
pose {
  position {
    x: -0.25603589509130115
    y: 1.976829007863532
  }
  orientation {
    z: -0.99525200000415615
    w: 0.0973316828567507
  }
}
twist {
  linear {
    x: 0.49999999999847944
  }
  angular {
    z: 0.50000000000125056
  }
}

header {
  stamp {
    sec: 83
    nsec: 400000000
  }
  data {
    key: "frame_id"
    value: "vehicle_blue/odom"
  }
  data {
    key: "child_frame_id"
    value: "vehicle_blue/chassis"
  }
}
pose {
  position {
    x: -0.28049912720415643
    y: 1.9716794716529817
  }
  orientation {
    z: -0.9939576326016033
    w: 0.10976440494539333
  }
}
twist {
  linear {
    x: 0.49999999999847944
  }
  angular {
    z: 0.50000000000125056
  }
}

header {
  stamp {
    sec: 83
    nsec: 450000000
  }
  data {
    key: "frame_id"
    value: "vehicle_blue/odom"
  }
  data {
    key: "child_frame_id"
    value: "vehicle_blue/chassis"
  }
}
pose {
  position {
    x: -0.30482598995970034
    y: 1.9659200274902053
  }
  orientation {
    z: -0.99250796134115693
    w: 0.12217997656907824
  }
}
twist {
  linear {
    x: 0.49999999999847944
  }
  angular {
    z: 0.50000000000125056
  }
}

header {
  stamp {
    sec: 83
    nsec: 500000000
  }
  data {
    key: "frame_id"
    value: "vehicle_blue/odom"
  }
  data {
    key: "child_frame_id"
    value: "vehicle_blue/chassis"
  }
}
pose {
  position {
    x: -0.32900127986058353
    y: 1.9595542748403256
  }
  orientation {
    z: -0.99090321273100246
    w: 0.13457645781999866
  }
}
twist {
  linear {
    x: 0.49999999999847944
  }
  angular {
    z: 0.50000000000125056
  }
}

header {
  stamp {
    sec: 83
    nsec: 550000000
  }
  data {
    key: "frame_id"
    value: "vehicle_blue/odom"
  }
  data {
    key: "child_frame_id"
    value: "vehicle_blue/chassis"
  }
}
pose {
  position {
    x: -0.35300988813755863
    y: 1.9525861920915357
  }
  orientation {
    z: -0.989143637509845
    w: 0.14695191177317962
  }
}
twist {
  linear {
    x: 0.49999999999847944
  }
  angular {
    z: 0.50000000000125056
  }
}

header {
  stamp {
    sec: 83
    nsec: 600000000
  }
  data {
    key: "frame_id"
    value: "vehicle_blue/odom"
  }
  data {
    key: "child_frame_id"
    value: "vehicle_blue/chassis"
  }
}
pose {
  position {
    x: -0.37683681019196508
    y: 1.9450201340687314
  }
  orientation {
    z: -0.98722951060773334
    w: 0.15930440478911881
  }
}
twist {
  linear {
    x: 0.49999999999847944
  }
  angular {
    z: 0.50000000000125056
  }
}

header {
  stamp {
    sec: 83
    nsec: 650000000
  }
  data {
    key: "frame_id"
    value: "vehicle_blue/odom"
  }
  data {
    key: "child_frame_id"
    value: "vehicle_blue/chassis"
  }
}
pose {
  position {
    x: -0.40046715497311891
    y: 1.9368608293118921
  }
  orientation {
    z: -0.98516113110310144
    w: 0.17163200681591351
  }
}
twist {
  linear {
    x: 0.49999999999847944
  }
  angular {
    z: 0.50000000000125056
  }
}

header {
  stamp {
    sec: 83
    nsec: 700000000
  }
  data {
    key: "frame_id"
    value: "vehicle_blue/odom"
  }
  data {
    key: "child_frame_id"
    value: "vehicle_blue/chassis"
  }
}
pose {
  position {
    x: -0.42388615428473375
    y: 1.9281133771208936
  }
  orientation {
    z: -0.9829388221760389
    w: 0.18393279169082749
  }
}
twist {
  linear {
    x: 0.49999999999847944
  }
  angular {
    z: 0.50000000000125056
  }
}

header {
  stamp {
    sec: 83
    nsec: 750000000
  }
  data {
    key: "frame_id"
    value: "vehicle_blue/odom"
  }
  data {
    key: "child_frame_id"
    value: "vehicle_blue/chassis"
  }
}
pose {
  position {
    x: -0.44707917201455954
    y: 1.9187832443686139
  }
  orientation {
    z: -0.98056293105779435
    w: 0.19620483744124989
  }
}
twist {
  linear {
    x: 0.49999999999847944
  }
  angular {
    z: 0.50000000000125056
  }
}

header {
  stamp {
    sec: 83
    nsec: 800000000
  }
  data {
    key: "frame_id"
    value: "vehicle_blue/odom"
  }
  data {
    key: "child_frame_id"
    value: "vehicle_blue/chassis"
  }
}
pose {
  position {
    x: -0.47003171328148197
    y: 1.9088762620843123
  }
  orientation {
    z: -0.97803382897652114
    w: 0.20844622658499962
  }
}
twist {
  linear {
    x: 0.49999999999847944
  }
  angular {
    z: 0.50000000000125056
  }
}

header {
  stamp {
    sec: 83
    nsec: 850000000
  }
  data {
    key: "frame_id"
    value: "vehicle_blue/odom"
  }
  data {
    key: "child_frame_id"
    value: "vehicle_blue/chassis"
  }
}
pose {
  position {
    x: -0.49272943349434528
    y: 1.8983986218094344
  }
  orientation {
    z: -0.97535191109927422
    w: 0.220655046429928
  }
}
twist {
  linear {
    x: 0.49999999999847944
  }
  angular {
    z: 0.50000000000125056
  }
}

header {
  stamp {
    sec: 83
    nsec: 900000000
  }
  data {
    key: "frame_id"
    value: "vehicle_blue/odom"
  }
  data {
    key: "child_frame_id"
    value: "vehicle_blue/chassis"
  }
}
pose {
  position {
    x: -0.5151581473168596
    y: 1.8873568717280857
  }
  orientation {
    z: -0.97251759647026526
    w: 0.232829389372773
  }
}
twist {
  linear {
    x: 0.49999999999847944
  }
  angular {
    z: 0.50000000000125056
  }
}

header {
  stamp {
    sec: 83
    nsec: 950000000
  }
  data {
    key: "frame_id"
    value: "vehicle_blue/odom"
  }
  data {
    key: "child_frame_id"
    value: "vehicle_blue/chassis"
  }
}
pose {
  position {
    x: -0.537303837532972
    y: 1.875757912574646
  }
  orientation {
    z: -0.96953132794538888
    w: 0.24496735319721846
  }
}
twist {
  linear {
    x: 0.49999999999847944
  }
  angular {
    z: 0.50000000000125056
  }
}

header {
  stamp {
    sec: 84
  }
  data {
    key: "frame_id"
    value: "vehicle_blue/odom"
  }
  data {
    key: "child_frame_id"
    value: "vehicle_blue/chassis"
  }
}
pose {
  position {
    x: -0.55915266380717066
    y: 1.8636089933210214
  }
  orientation {
    z: -0.96639357212302657
    w: 0.25706704137111142
  }
}
twist {
  linear {
    x: 0.49999999999847944
  }
  angular {
    z: 0.50000000000125056
  }
}

header {
  stamp {
    sec: 84
    nsec: 50000000
  }
  data {
    key: "frame_id"
    value: "vehicle_blue/odom"
  }
  data {
    key: "child_frame_id"
    value: "vehicle_blue/chassis"
  }
}
pose {
  position {
    x: -0.58069097133424419
    y: 1.850917706646283
  }
  orientation {
    z: -0.96310481927114167
    w: 0.26912656334279145
  }
}
twist {
  linear {
    x: 0.49999999999847944
  }
  angular {
    z: 0.50000000000125056
  }
}

header {
  stamp {
    sec: 84
    nsec: 100000000
  }
  data {
    key: "frame_id"
    value: "vehicle_blue/odom"
  }
  data {
    key: "child_frame_id"
    value: "vehicle_blue/chassis"
  }
}
pose {
  position {
    x: -0.60190529937308879
    y: 1.8376919841914816
  }
  orientation {
    z: -0.95966558325067641
    w: 0.28114403483648548
  }
}
twist {
  linear {
    x: 0.49999999999847944
  }
  angular {
    z: 0.50000000000125056
  }
}

header {
  stamp {
    sec: 84
    nsec: 150000000
  }
  data {
    key: "frame_id"
    value: "vehicle_blue/odom"
  }
  data {
    key: "child_frame_id"
    value: "vehicle_blue/chassis"
  }
}
pose {
  position {
    x: -0.62278238965923982
    y: 1.8239400916026374
  }
  orientation {
    z: -0.95607640143526207
    w: 0.29311757814672212
  }
}
twist {
  linear {
    x: 0.49999999999847944
  }
  angular {
    z: 0.50000000000125056
  }
}

header {
  stamp {
    sec: 84
    nsec: 200000000
  }
  data {
    key: "frame_id"
    value: "vehicle_blue/odom"
  }
  data {
    key: "child_frame_id"
    value: "vehicle_blue/chassis"
  }
}
pose {
  position {
    x: -0.64330919469084435
    y: 1.8096706233649729
  }
  orientation {
    z: -0.95233783462725474
    w: 0.30504532243171917
  }
}
twist {
  linear {
    x: 0.49999999999847944
  }
  angular {
    z: 0.50000000000125056
  }
}

header {
  stamp {
    sec: 84
    nsec: 250000000
  }
  data {
    key: "frame_id"
    value: "vehicle_blue/odom"
  }
  data {
    key: "child_frame_id"
    value: "vehicle_blue/chassis"
  }
}
pose {
  position {
    x: -0.66347288588293307
    y: 1.7948924974316469
  }
  orientation {
    z: -0.94845046697011248
    w: 0.31692540400569913
  }
}
twist {
  linear {
    x: 0.49999999999847944
  }
  angular {
    z: 0.50000000000125056
  }
}

header {
  stamp {
    sec: 84
    nsec: 300000000
  }
  data {
    key: "frame_id"
    value: "vehicle_blue/odom"
  }
  data {
    key: "child_frame_id"
    value: "vehicle_blue/chassis"
  }
}
pose {
  position {
    x: -0.68326086158487009
    y: 1.7796149496503186
  }
  orientation {
    z: -0.94441490585712273
    w: 0.328755966630086
  }
}
twist {
  linear {
    x: 0.49999999999847944
  }
  angular {
    z: 0.50000000000125056
  }
}

header {
  stamp {
    sec: 84
    nsec: 350000000
  }
  data {
    key: "frame_id"
    value: "vehicle_blue/odom"
  }
  data {
    key: "child_frame_id"
    value: "vehicle_blue/chassis"
  }
}
pose {
  position {
    x: -0.70266075495596647
    y: 1.7638475279910457
  }
  orientation {
    z: -0.94023178183649891
    w: 0.34053516180353877
  }
}
twist {
  linear {
    x: 0.49999999999847944
  }
  angular {
    z: 0.50000000000125056
  }
}

header {
  stamp {
    sec: 84
    nsec: 400000000
  }
  data {
    key: "frame_id"
    value: "vehicle_blue/odom"
  }
  data {
    key: "child_frame_id"
    value: "vehicle_blue/chassis"
  }
}
pose {
  position {
    x: -0.72166044169435761
    y: 1.7476000865791137
  }
  orientation {
    z: -0.935901748512859
    w: 0.35226114905077655
  }
}
twist {
  linear {
    x: 0.49999999999847944
  }
  angular {
    z: 0.50000000000125056
  }
}

header {
  stamp {
    sec: 84
    nsec: 450000000
  }
  data {
    key: "frame_id"
    value: "vehicle_blue/odom"
  }
  data {
    key: "child_frame_id"
    value: "vehicle_blue/chassis"
  }
}
pose {
  position {
    x: -0.74024804761430218
    y: 1.7308827795365271
  }
  orientation {
    z: -0.93142548244510015
    w: 0.36393209621014816
  }
}
twist {
  linear {
    x: 0.49999999999847944
  }
  angular {
    z: 0.50000000000125056
  }
}

header {
  stamp {
    sec: 84
    nsec: 500000000
  }
  data {
    key: "frame_id"
    value: "vehicle_blue/odom"
  }
  data {
    key: "child_frame_id"
    value: "vehicle_blue/chassis"
  }
}
pose {
  position {
    x: -0.75841195606714928
    y: 1.7137060546360177
  }
  orientation {
    z: -0.92680368304068861
    w: 0.3755461797199045
  }
}
twist {
  linear {
    x: 0.49999999999847944
  }
  angular {
    z: 0.50000000000125056
  }
}

header {
  stamp {
    sec: 84
    nsec: 550000000
  }
  data {
    key: "frame_id"
    value: "vehicle_blue/odom"
  }
  data {
    key: "child_frame_id"
    value: "vehicle_blue/chassis"
  }
}
pose {
  position {
    x: -0.776140815201378
    y: 1.696080646771521
  }
  orientation {
    z: -0.92203707244637834
    w: 0.38710158490312607
  }
}
twist {
  linear {
    x: 0.49999999999847944
  }
  angular {
    z: 0.50000000000125056
  }
}

header {
  stamp {
    sec: 84
    nsec: 600000000
  }
  data {
    key: "frame_id"
    value: "vehicle_blue/odom"
  }
  data {
    key: "child_frame_id"
    value: "vehicle_blue/chassis"
  }
}
pose {
  position {
    x: -0.7934235450571292
    y: 1.67801757124922
  }
  orientation {
    z: -0.917126395435377
    w: 0.39859650625126225
  }
}
twist {
  linear {
    x: 0.49999999999847944
  }
  angular {
    z: 0.50000000000125056
  }
}

header {
  stamp {
    sec: 84
    nsec: 650000000
  }
  data {
    key: "frame_id"
    value: "vehicle_blue/odom"
  }
  data {
    key: "child_frame_id"
    value: "vehicle_blue/chassis"
  }
}
pose {
  position {
    x: -0.810249344490819
    y: 1.6595281169033398
  }
  orientation {
    z: -0.91207241929097682
    w: 0.41002914770623877
  }
}
twist {
  linear {
    x: 0.49999999999847944
  }
  angular {
    z: 0.50000000000125056
  }
}

header {
  stamp {
    sec: 84
    nsec: 700000000
  }
  data {
    key: "frame_id"
    value: "vehicle_blue/odom"
  }
  data {
    key: "child_frame_id"
    value: "vehicle_blue/chassis"
  }
}
pose {
  position {
    x: -0.8266076979255057
    y: 1.6406238390409851
  }
  orientation {
    z: -0.90687593368666808
    w: 0.42139772294108796
  }
}
twist {
  linear {
    x: 0.49999999999847944
  }
  angular {
    z: 0.50000000000125056
  }
}

header {
  stamp {
    sec: 84
    nsec: 750000000
  }
  data {
    key: "frame_id"
    value: "vehicle_blue/odom"
  }
  data {
    key: "child_frame_id"
    value: "vehicle_blue/chassis"
  }
}
pose {
  position {
    x: -0.84248838192277942
    y: 1.621316552220462
  }
  orientation {
    z: -0.90153775056275431
    w: 0.43270045563905868
  }
}
twist {
  linear {
    x: 0.49999999999847944
  }
  angular {
    z: 0.50000000000125056
  }
}

header {
  stamp {
    sec: 84
    nsec: 800000000
  }
  data {
    key: "frame_id"
    value: "vehicle_blue/odom"
  }
  data {
    key: "child_frame_id"
    value: "vehicle_blue/chassis"
  }
}
pose {
  position {
    x: -0.85788147157207983
    y: 1.6016183228675538
  }
  orientation {
    z: -0.89605870399948806
    w: 0.44393557977116216
  }
}
twist {
  linear {
    x: 0.49999999999847944
  }
  angular {
    z: 0.50000000000125056
  }
}

header {
  stamp {
    sec: 84
    nsec: 850000000
  }
  data {
    key: "frame_id"
    value: "vehicle_blue/odom"
  }
  data {
    key: "child_frame_id"
    value: "vehicle_blue/chassis"
  }
}
pose {
  position {
    x: -0.87277734669344431
    y: 1.5815414617343992
  }
  orientation {
    z: -0.89043965008674775
    w: 0.4551013398721106
  }
}
twist {
  linear {
    x: 0.49999999999847944
  }
  angular {
    z: 0.50000000000125056
  }
}

header {
  stamp {
    sec: 84
    nsec: 900000000
  }
  data {
    key: "frame_id"
    value: "vehicle_blue/odom"
  }
  data {
    key: "child_frame_id"
    value: "vehicle_blue/chassis"
  }
}
pose {
  position {
    x: -0.88716669784980151
    y: 1.5610985162056787
  }
  orientation {
    z: -0.88468146679027526
    w: 0.46619599131460482
  }
}
twist {
  linear {
    x: 0.49999999999847944
  }
  angular {
    z: 0.50000000000125056
  }
}

header {
  stamp {
    sec: 84
    nsec: 950000000
  }
  data {
    key: "frame_id"
    value: "vehicle_blue/odom"
  }
  data {
    key: "child_frame_id"
    value: "vehicle_blue/chassis"
  }
}
pose {
  position {
    x: -0.90104053216507507
    y: 1.5403022624569007
  }
  orientation {
    z: -0.87878505381449579
    w: 0.47721780058192903
  }
}
twist {
  linear {
    x: 0.49999999999847944
  }
  angular {
    z: 0.50000000000125056
  }
}

header {
  stamp {
    sec: 85
  }
  data {
    key: "frame_id"
    value: "vehicle_blue/odom"
  }
  data {
    key: "child_frame_id"
    value: "vehicle_blue/chassis"
  }
}
pose {
  position {
    x: -0.91439017894442709
    y: 1.5191656974697094
  }
  orientation {
    z: -0.87275133246194048
    w: 0.48816504553880891
  }
}
twist {
  linear {
    x: 0.49999999999847944
  }
  angular {
    z: 0.50000000000125056
  }
}

header {
  stamp {
    sec: 85
    nsec: 50000000
  }
  data {
    key: "frame_id"
    value: "vehicle_blue/odom"
  }
  data {
    key: "child_frame_id"
    value: "vehicle_blue/chassis"
  }
}
pose {
  position {
    x: -0.92720729509317434
    y: 1.4977020309091993
  }
  orientation {
    z: -0.86658124548929527
    w: 0.49903601570049216
  }
}
twist {
  linear {
    x: 0.49999999999847944
  }
  angular {
    z: 0.50000000000125056
  }
}

header {
  stamp {
    sec: 85
    nsec: 100000000
  }
  data {
    key: "frame_id"
    value: "vehicle_blue/odom"
  }
  data {
    key: "child_frame_id"
    value: "vehicle_blue/chassis"
  }
}
pose {
  position {
    x: -0.93948387033093517
    y: 1.4759246768682983
  }
  orientation {
    z: -0.8602757569600965
    w: 0.50982901250000789
  }
}
twist {
  linear {
    x: 0.49999999999847944
  }
  angular {
    z: 0.50000000000125056
  }
}

header {
  stamp {
    sec: 85
    nsec: 150000000
  }
  data {
    key: "frame_id"
    value: "vehicle_blue/odom"
  }
  data {
    key: "child_frame_id"
    value: "vehicle_blue/chassis"
  }
}
pose {
  position {
    x: -0.95121223219780815
    y: 1.453847245484396
  }
  orientation {
    z: -0.85383585209409829
    w: 0.52054234955356438
  }
}
twist {
  linear {
    x: 0.49999999999847944
  }
  angular {
    z: 0.50000000000125056
  }
}

header {
  stamp {
    sec: 85
    nsec: 200000000
  }
  data {
    key: "frame_id"
    value: "vehicle_blue/odom"
  }
  data {
    key: "child_frame_id"
    value: "vehicle_blue/chassis"
  }
}
pose {
  position {
    x: -0.96238505084939985
    y: 1.4314835344334587
  }
  orientation {
    z: -0.8472625371133341
    w: 0.53117435292404336
  }
}
twist {
  linear {
    x: 0.49999999999847944
  }
  angular {
    z: 0.50000000000125056
  }
}

header {
  stamp {
    sec: 85
    nsec: 250000000
  }
  data {
    key: "frame_id"
    value: "vehicle_blue/odom"
  }
  data {
    key: "child_frame_id"
    value: "vehicle_blue/chassis"
  }
}
pose {
  position {
    x: -0.97299534363774509
    y: 1.4088475203069215
  }
  orientation {
    z: -0.84055683908489642
    w: 0.54172336138254884
  }
}
twist {
  linear {
    x: 0.49999999999847944
  }
  angular {
    z: 0.50000000000125056
  }
}

header {
  stamp {
    sec: 85
    nsec: 300000000
  }
  data {
    key: "frame_id"
    value: "vehicle_blue/odom"
  }
  data {
    key: "child_frame_id"
    value: "vehicle_blue/chassis"
  }
}
pose {
  position {
    x: -0.98303647947522921
    y: 1.3859533498767793
  }
  orientation {
    z: -0.83371980576045934
    w: 0.55218772666797111
  }
}
twist {
  linear {
    x: 0.49999999999847944
  }
  angular {
    z: 0.50000000000125056
  }
}

header {
  stamp {
    sec: 85
    nsec: 350000000
  }
  data {
    key: "frame_id"
    value: "vehicle_blue/odom"
  }
  data {
    key: "child_frame_id"
    value: "vehicle_blue/chassis"
  }
}
pose {
  position {
    x: -0.99250218297880921
    y: 1.3628153312543141
  }
  orientation {
    z: -0.82675250541257
    w: 0.562565813744524
  }
}
twist {
  linear {
    x: 0.49999999999847944
  }
  angular {
    z: 0.50000000000125056
  }
}

header {
  stamp {
    sec: 85
    nsec: 400000000
  }
  data {
    key: "frame_id"
    value: "vehicle_blue/odom"
  }
  data {
    key: "child_frame_id"
    value: "vehicle_blue/chassis"
  }
}
pose {
  position {
    x: -1.0013865383919149
    y: 1.3394479249479905
  }
  orientation {
    z: -0.81965602666773274
    w: 0.572856001057216
  }
}
twist {
  linear {
    x: 0.49999999999847944
  }
  angular {
    z: 0.50000000000125056
  }
}

header {
  stamp {
    sec: 85
    nsec: 450000000
  }
  data {
    key: "frame_id"
    value: "vehicle_blue/odom"
  }
  data {
    key: "child_frame_id"
    value: "vehicle_blue/chassis"
  }
}
pose {
  position {
    x: -1.009683993281612
    y: 1.3158657348261082
  }
  orientation {
    z: -0.81243147833631368
    w: 0.58305668078521478
  }
}
twist {
  linear {
    x: 0.49999999999847944
  }
  angular {
    z: 0.50000000000125056
  }
}

header {
  stamp {
    sec: 85
    nsec: 500000000
  }
  data {
    key: "frame_id"
    value: "vehicle_blue/odom"
  }
  data {
    key: "child_frame_id"
    value: "vehicle_blue/chassis"
  }
}
pose {
  position {
    x: -1.01738936200869
    y: 1.2920834989898589
  }
  orientation {
    z: -0.80507998923929147
    w: 0.59316625909306608
  }
}
twist {
  linear {
    x: 0.49999999999847944
  }
  angular {
    z: 0.50000000000125056
  }
}

header {
  stamp {
    sec: 85
    nsec: 550000000
  }
  data {
    key: "frame_id"
    value: "vehicle_blue/odom"
  }
  data {
    key: "child_frame_id"
    value: "vehicle_blue/chassis"
  }
}
pose {
  position {
    x: -1.0244978289685127
    y: 1.2681160805624967
  }
  orientation {
    z: -0.79760270803188082
    w: 0.60318315637972708
  }
}
twist {
  linear {
    x: 0.49999999999847944
  }
  angular {
    z: 0.50000000000125056
  }
}

header {
  stamp {
    sec: 85
    nsec: 600000000
  }
  data {
    key: "frame_id"
    value: "vehicle_blue/odom"
  }
  data {
    key: "child_frame_id"
    value: "vehicle_blue/chassis"
  }
}
pose {
  position {
    x: -1.031004951600623
    y: 1.2439784584003646
  }
  orientation {
    z: -0.790000803024058
    w: 0.61310580752537613
  }
}
twist {
  linear {
    x: 0.49999999999847944
  }
  angular {
    z: 0.50000000000125056
  }
}

header {
  stamp {
    sec: 85
    nsec: 650000000
  }
  data {
    key: "frame_id"
    value: "vehicle_blue/odom"
  }
  data {
    key: "child_frame_id"
    value: "vehicle_blue/chassis"
  }
}
pose {
  position {
    x: -1.0369066631651889
    y: 1.2196857177315998
  }
  orientation {
    z: -0.78227546199801423
    w: 0.62293266213595944
  }
}
twist {
  linear {
    x: 0.49999999999847944
  }
  angular {
    z: 0.50000000000125056
  }
}

header {
  stamp {
    sec: 85
    nsec: 700000000
  }
  data {
    key: "frame_id"
    value: "vehicle_blue/odom"
  }
  data {
    key: "child_frame_id"
    value: "vehicle_blue/chassis"
  }
}
pose {
  position {
    x: -1.0421992752845948
    y: 1.1952530407283584
  }
  orientation {
    z: -0.774427892022568
    w: 0.63266218478543645
  }
}
twist {
  linear {
    x: 0.49999999999847944
  }
  angular {
    z: 0.50000000000125056
  }
}

header {
  stamp {
    sec: 85
    nsec: 750000000
  }
  data {
    key: "frame_id"
    value: "vehicle_blue/odom"
  }
  data {
    key: "child_frame_id"
    value: "vehicle_blue/chassis"
  }
}
pose {
  position {
    x: -1.0468794802485455
    y: 1.1706956970184494
  }
  orientation {
    z: -0.7664593192645619
    w: 0.64229285525568813
  }
}
twist {
  linear {
    x: 0.49999999999847944
  }
  angular {
    z: 0.50000000000125056
  }
}

header {
  stamp {
    sec: 85
    nsec: 800000000
  }
  data {
    key: "frame_id"
    value: "vehicle_blue/odom"
  }
  data {
    key: "child_frame_id"
    value: "vehicle_blue/chassis"
  }
}
pose {
  position {
    x: -1.050944353081287
    y: 1.1460290341423163
  }
  orientation {
    z: -0.75837098879727749
    w: 0.651823168774047
  }
}
twist {
  linear {
    x: 0.49999999999847944
  }
  angular {
    z: 0.50000000000125056
  }
}

header {
  stamp {
    sec: 85
    nsec: 850000000
  }
  data {
    key: "frame_id"
    value: "vehicle_blue/odom"
  }
  data {
    key: "child_frame_id"
    value: "vehicle_blue/chassis"
  }
}
pose {
  position {
    x: -1.0543913533696154
    y: 1.1212684679613203
  }
  orientation {
    z: -0.75016416440589451
    w: 0.661251636248415
  }
}
twist {
  linear {
    x: 0.49999999999847944
  }
  angular {
    z: 0.50000000000125056
  }
}

header {
  stamp {
    sec: 85
    nsec: 900000000
  }
  data {
    key: "frame_id"
    value: "vehicle_blue/odom"
  }
  data {
    key: "child_frame_id"
    value: "vehicle_blue/chassis"
  }
}
pose {
  position {
    x: -1.0572183268505566
    y: 1.0964294730233342
  }
  orientation {
    z: -0.74184012839002744
    w: 0.67057678449993152
  }
}
twist {
  linear {
    x: 0.49999999999847944
  }
  angular {
    z: 0.50000000000125056
  }
}

header {
  stamp {
    sec: 85
    nsec: 950000000
  }
  data {
    key: "frame_id"
    value: "vehicle_blue/odom"
  }
  data {
    key: "child_frame_id"
    value: "vehicle_blue/chassis"
  }
}
pose {
  position {
    x: -1.0594235067577051
    y: 1.0715275728916511
  }
  orientation {
    z: -0.7334001813633686
    w: 0.67979715649315431
  }
}
twist {
  linear {
    x: 0.49999999999847944
  }
  angular {
    z: 0.50000000000125056
  }
}

header {
  stamp {
    sec: 86
  }
  data {
    key: "frame_id"
    value: "vehicle_blue/odom"
  }
  data {
    key: "child_frame_id"
    value: "vehicle_blue/chassis"
  }
}
pose {
  position {
    x: -1.0610055149254018
    y: 1.0465783304432612
  }
  orientation {
    z: -0.72484564205046975
    w: 0.6889113115637181
  }
}
twist {
  linear {
    x: 0.49999999999847944
  }
  angular {
    z: 0.50000000000125056
  }
}

header {
  stamp {
    sec: 86
    nsec: 50000000
  }
  data {
    key: "frame_id"
    value: "vehicle_blue/odom"
  }
  data {
    key: "child_frame_id"
    value: "vehicle_blue/chassis"
  }
}
pose {
  position {
    x: -1.0619633626500384
    y: 1.0215973381425618
  }
  orientation {
    z: -0.71617784708069465
    w: 0.69791782564343574
  }
}
twist {
  linear {
    x: 0.49999999999847944
  }
  angular {
    z: 0.50000000000125056
  }
}

header {
  stamp {
    sec: 86
    nsec: 100000000
  }
  data {
    key: "frame_id"
    value: "vehicle_blue/odom"
  }
  data {
    key: "child_frame_id"
    value: "vehicle_blue/chassis"
  }
}
pose {
  position {
    x: -1.0622964513079651
    y: 0.99660020829657481
  }
  orientation {
    z: -0.7073981507793724
    w: 0.7068152914828062
  }
}
twist {
  linear {
    x: 0.49999999999847944
  }
  angular {
    z: 0.50000000000125056
  }
}

header {
  stamp {
    sec: 86
    nsec: 150000000
  }
  data {
    key: "frame_id"
    value: "vehicle_blue/odom"
  }
  data {
    key: "child_frame_id"
    value: "vehicle_blue/chassis"
  }
}
pose {
  position {
    x: -1.0620045727296159
    y: 0.97160256329776118
  }
  orientation {
    z: -0.69850792495618808
    w: 0.71560231887089376
  }
}
twist {
  linear {
    x: 0.49999999999847944
  }
  angular {
    z: 0.50000000000125056
  }
}

header {
  stamp {
    sec: 86
    nsec: 200000000
  }
  data {
    key: "frame_id"
    value: "vehicle_blue/odom"
  }
  data {
    key: "child_frame_id"
    value: "vehicle_blue/chassis"
  }
}
pose {
  position {
    x: -1.0610879093295991
    y: 0.94662002586053762
  }
  orientation {
    z: -0.68950855869083938
    w: 0.7242775348525462
  }
}
twist {
  linear {
    x: 0.49999999999847944
  }
  angular {
    z: 0.50000000000125056
  }
}

header {
  stamp {
    sec: 86
    nsec: 250000000
  }
  data {
    key: "frame_id"
    value: "vehicle_blue/odom"
  }
  data {
    key: "child_frame_id"
    value: "vehicle_blue/chassis"
  }
}
pose {
  position {
    x: -1.0595470339927009
    y: 0.92166820925758619
  }
  orientation {
    z: -0.68040145811599617
    w: 0.732839583942916
  }
}
twist {
  linear {
    x: 0.49999999999847944
  }
  angular {
    z: 0.50000000000125056
  }
}

header {
  stamp {
    sec: 86
    nsec: 300000000
  }
  data {
    key: "frame_id"
    value: "vehicle_blue/odom"
  }
  data {
    key: "child_frame_id"
    value: "vehicle_blue/chassis"
  }
}
pose {
  position {
    x: -1.0573829097158502
    y: 0.89676270756206566
  }
  orientation {
    z: -0.67118804619759487
    w: 0.74128712833925248
  }
}
twist {
  linear {
    x: 0.49999999999847944
  }
  angular {
    z: 0.50000000000125056
  }
}

header {
  stamp {
    sec: 86
    nsec: 350000000
  }
  data {
    key: "frame_id"
    value: "vehicle_blue/odom"
  }
  data {
    key: "child_frame_id"
    value: "vehicle_blue/chassis"
  }
}
pose {
  position {
    x: -1.054596889006274
    y: 0.87191908590182843
  }
  orientation {
    z: -0.66186976251250307
    w: 0.74961884812993
  }
}
twist {
  linear {
    x: 0.49999999999847944
  }
  angular {
    z: 0.50000000000125056
  }
}

header {
  stamp {
    sec: 86
    nsec: 400000000
  }
  data {
    key: "frame_id"
    value: "vehicle_blue/odom"
  }
  data {
    key: "child_frame_id"
    value: "vehicle_blue/chassis"
  }
}
pose {
  position {
    x: -1.0511907130362272
    y: 0.84715287073171608
  }
  orientation {
    z: -0.6524480630235886
    w: 0.75783344150068188
  }
}
twist {
  linear {
    x: 0.49999999999847944
  }
  angular {
    z: 0.50000000000125056
  }
}

header {
  stamp {
    sec: 86
    nsec: 450000000
  }
  data {
    key: "frame_id"
    value: "vehicle_blue/odom"
  }
  data {
    key: "child_frame_id"
    value: "vehicle_blue/chassis"
  }
}
pose {
  position {
    x: -1.0471665105548156
    y: 0.8224795401300361
  }
  orientation {
    z: -0.64292441985222815
    w: 0.76592962493800687
  }
}
twist {
  linear {
    x: 0.49999999999847944
  }
  angular {
    z: 0.50000000000125056
  }
}

header {
  stamp {
    sec: 86
    nsec: 500000000
  }
  data {
    key: "frame_id"
    value: "vehicle_blue/odom"
  }
  data {
    key: "child_frame_id"
    value: "vehicle_blue/chassis"
  }
}
pose {
  position {
    x: -1.0425267965575962
    y: 0.79791451412526238
  }
  orientation {
    z: -0.6333003210482917
    w: 0.77390613342971437
  }
}
twist {
  linear {
    x: 0.49999999999847944
  }
  angular {
    z: 0.50000000000125056
  }
}

header {
  stamp {
    sec: 86
    nsec: 550000000
  }
  data {
    key: "frame_id"
    value: "vehicle_blue/odom"
  }
  data {
    key: "child_frame_id"
    value: "vehicle_blue/chassis"
  }
}
pose {
  position {
    x: -1.0372744707147872
    y: 0.773473145059022
  }
  orientation {
    z: -0.62357727035763688
    w: 0.78176172066258054
  }
}
twist {
  linear {
    x: 0.49999999999847944
  }
  angular {
    z: 0.50000000000125056
  }
}

header {
  stamp {
    sec: 86
    nsec: 600000000
  }
  data {
    key: "frame_id"
    value: "vehicle_blue/odom"
  }
  data {
    key: "child_frame_id"
    value: "vehicle_blue/chassis"
  }
}
pose {
  position {
    x: -1.0314128155590714
    y: 0.74917070799138041
  }
  orientation {
    z: -0.61375678698715286
    w: 0.7894951592170828
  }
}
twist {
  linear {
    x: 0.49999999999847944
  }
  angular {
    z: 0.50000000000125056
  }
}

header {
  stamp {
    sec: 86
    nsec: 650000000
  }
  data {
    key: "frame_id"
    value: "vehicle_blue/odom"
  }
  data {
    key: "child_frame_id"
    value: "vehicle_blue/chassis"
  }
}
pose {
  position {
    x: -1.0249454944341165
    y: 0.72502239115442646
  }
  orientation {
    z: -0.60384040536738637
    w: 0.7971052407591801
  }
}
twist {
  linear {
    x: 0.49999999999847944
  }
  angular {
    z: 0.50000000000125056
  }
}

header {
  stamp {
    sec: 86
    nsec: 700000000
  }
  data {
    key: "frame_id"
    value: "vehicle_blue/odom"
  }
  data {
    key: "child_frame_id"
    value: "vehicle_blue/chassis"
  }
}
pose {
  position {
    x: -1.0178765492051023
    y: 0.70104328646012271
  }
  orientation {
    z: -0.59382967491279082
    w: 0.80459077622911468
  }
}
twist {
  linear {
    x: 0.49999999999847944
  }
  angular {
    z: 0.50000000000125056
  }
}

header {
  stamp {
    sec: 86
    nsec: 750000000
  }
  data {
    key: "frame_id"
    value: "vehicle_blue/odom"
  }
  data {
    key: "child_frame_id"
    value: "vehicle_blue/chassis"
  }
}
pose {
  position {
    x: -1.0102103977326964
    y: 0.67724838006834753
  }
  orientation {
    z: -0.58372615977963294
    w: 0.81195059602719821
  }
}
twist {
  linear {
    x: 0.49999999999847944
  }
  angular {
    z: 0.50000000000125056
  }
}

header {
  stamp {
    sec: 86
    nsec: 800000000
  }
  data {
    key: "frame_id"
    value: "vehicle_blue/odom"
  }
  data {
    key: "child_frame_id"
    value: "vehicle_blue/chassis"
  }
}
pose {
  position {
    x: -1.001951831112023
    y: 0.65365254302104
  }
  orientation {
    z: -0.57353143862159672
    w: 0.81918355019656108
  }
}
twist {
  linear {
    x: 0.49999999999847944
  }
  angular {
    z: 0.50000000000125056
  }
}

header {
  stamp {
    sec: 86
    nsec: 850000000
  }
  data {
    key: "frame_id"
    value: "vehicle_blue/odom"
  }
  data {
    key: "child_frame_id"
    value: "vehicle_blue/chassis"
  }
}
pose {
  position {
    x: -0.99310601067839177
    y: 0.63027052194827671
  }
  orientation {
    z: -0.563247104343122
    w: 0.82628850860282954
  }
}
twist {
  linear {
    x: 0.49999999999847944
  }
  angular {
    z: 0.50000000000125056
  }
}

header {
  stamp {
    sec: 86
    nsec: 900000000
  }
  data {
    key: "frame_id"
    value: "vehicle_blue/odom"
  }
  data {
    key: "child_frame_id"
    value: "vehicle_blue/chassis"
  }
}
pose {
  position {
    x: -0.98367846478163
    y: 0.60711692985211052
  }
  orientation {
    z: -0.55287476385051648
    w: 0.83326436111070756
  }
}
twist {
  linear {
    x: 0.49999999999847944
  }
  angular {
    z: 0.50000000000125056
  }
}

header {
  stamp {
    sec: 86
    nsec: 950000000
  }
  data {
    key: "frame_id"
    value: "vehicle_blue/odom"
  }
  data {
    key: "child_frame_id"
    value: "vehicle_blue/chassis"
  }
}
pose {
  position {
    x: -0.97367508533104552
    y: 0.58420623697391871
  }
  orientation {
    z: -0.54241603780087955
    w: 0.84011001775743332
  }
}
twist {
  linear {
    x: 0.49999999999847944
  }
  angular {
    z: 0.50000000000125056
  }
}

header {
  stamp {
    sec: 87
  }
  data {
    key: "frame_id"
    value: "vehicle_blue/odom"
  }
  data {
    key: "child_frame_id"
    value: "vehicle_blue/chassis"
  }
}
pose {
  position {
    x: -0.9631021241131682
    y: 0.56155276175097679
  }
  orientation {
    z: -0.53187256034887831
    w: 0.84682440892308308
  }
}
twist {
  linear {
    x: 0.49999999999847944
  }
  angular {
    z: 0.50000000000125056
  }
}

header {
  stamp {
    sec: 87
    nsec: 50000000
  }
  data {
    key: "frame_id"
    value: "vehicle_blue/odom"
  }
  data {
    key: "child_frame_id"
    value: "vehicle_blue/chassis"
  }
}
pose {
  position {
    x: -0.95196618888459539
    y: 0.53917066186789531
  }
  orientation {
    z: -0.52124597889141389
    w: 0.85340648549769749
  }
}
twist {
  linear {
    x: 0.49999999999847944
  }
  angular {
    z: 0.50000000000125056
  }
}

header {
  stamp {
    sec: 87
    nsec: 100000000
  }
  data {
    key: "frame_id"
    value: "vehicle_blue/odom"
  }
  data {
    key: "child_frame_id"
    value: "vehicle_blue/chassis"
  }
}
pose {
  position {
    x: -0.94027423924235576
    y: 0.51707392540853259
  }
  orientation {
    z: -0.51053795381021949
    w: 0.85985521904520312
  }
}
twist {
  linear {
    x: 0.49999999999847944
  }
  angular {
    z: 0.50000000000125056
  }
}

header {
  stamp {
    sec: 87
    nsec: 150000000
  }
  data {
    key: "frame_id"
    value: "vehicle_blue/odom"
  }
  data {
    key: "child_frame_id"
    value: "vehicle_blue/chassis"
  }
}
pose {
  position {
    x: -0.92803358227438415
    y: 0.49527636211389608
  }
  orientation {
    z: -0.49975015821242846
    w: 0.86616960196410309
  }
}
twist {
  linear {
    x: 0.49999999999847944
  }
  angular {
    z: 0.50000000000125056
  }
}

header {
  stamp {
    sec: 87
    nsec: 200000000
  }
  data {
    key: "frame_id"
    value: "vehicle_blue/odom"
  }
  data {
    key: "child_frame_id"
    value: "vehicle_blue/chassis"
  }
}
pose {
  position {
    x: -0.91525186799283764
    y: 0.47379159475150445
  }
  orientation {
    z: -0.48888427766915538
    w: 0.87234864764491282
  }
}
twist {
  linear {
    x: 0.49999999999847944
  }
  angular {
    z: 0.50000000000125056
  }
}

header {
  stamp {
    sec: 87
    nsec: 250000000
  }
  data {
    key: "frame_id"
    value: "vehicle_blue/odom"
  }
  data {
    key: "child_frame_id"
    value: "vehicle_blue/chassis"
  }
}
pose {
  position {
    x: -0.90193708455307764
    y: 0.45263305060159892
  }
  orientation {
    z: -0.47794200995212849
    w: 0.87839139062431593
  }
}
twist {
  linear {
    x: 0.49999999999847944
  }
  angular {
    z: 0.50000000000125056
  }
}

header {
  stamp {
    sec: 87
    nsec: 300000000
  }
  data {
    key: "frame_id"
    value: "vehicle_blue/odom"
  }
  data {
    key: "child_frame_id"
    value: "vehicle_blue/chassis"
  }
}
pose {
  position {
    x: -0.88809755326133877
    y: 0.43181395306553355
  }
  orientation {
    z: -0.46692506476841666
    w: 0.88429688673601581
  }
}
twist {
  linear {
    x: 0.49999999999847944
  }
  angular {
    z: 0.50000000000125056
  }
}

header {
  stamp {
    sec: 87
    nsec: 350000000
  }
  data {
    key: "frame_id"
    value: "vehicle_blue/odom"
  }
  data {
    key: "child_frame_id"
    value: "vehicle_blue/chassis"
  }
}
pose {
  position {
    x: -0.87374192337418455
    y: 0.41134731340157732
  }
  orientation {
    z: -0.4558351634932909
    w: 0.89006421325825968
  }
}
twist {
  linear {
    x: 0.49999999999847944
  }
  angular {
    z: 0.50000000000125056
  }
}

header {
  stamp {
    sec: 87
    nsec: 400000000
  }
  data {
    key: "frame_id"
    value: "vehicle_blue/odom"
  }
  data {
    key: "child_frame_id"
    value: "vehicle_blue/chassis"
  }
}
pose {
  position {
    x: -0.85887916669299624
    y: 0.39124592259330243
  }
  orientation {
    z: -0.44467403890126311
    w: 0.89569246905801214
  }
}
twist {
  linear {
    x: 0.49999999999847944
  }
  angular {
    z: 0.50000000000125056
  }
}

header {
  stamp {
    sec: 87
    nsec: 450000000
  }
  data {
    key: "frame_id"
    value: "vehicle_blue/odom"
  }
  data {
    key: "child_frame_id"
    value: "vehicle_blue/chassis"
  }
}
pose {
  position {
    x: -0.84351857195689683
    y: 0.37152234335563566
  }
  orientation {
    z: -0.43344343489534359
    w: 0.901180774731755
  }
}
twist {
  linear {
    x: 0.49999999999847944
  }
  angular {
    z: 0.50000000000125056
  }
}

header {
  stamp {
    sec: 87
    nsec: 500000000
  }
  data {
    key: "frame_id"
    value: "vehicle_blue/odom"
  }
  data {
    key: "child_frame_id"
    value: "vehicle_blue/chassis"
  }
}
pose {
  position {
    x: -0.827669739037588
    y: 0.35218890228356997
  }
  orientation {
    z: -0.42214510623455964
    w: 0.90652827274289272
  }
}
twist {
  linear {
    x: 0.49999999999847944
  }
  angular {
    z: 0.50000000000125056
  }
}

header {
  stamp {
    sec: 87
    nsec: 550000000
  }
  data {
    key: "frame_id"
    value: "vehicle_blue/odom"
  }
  data {
    key: "child_frame_id"
    value: "vehicle_blue/chassis"
  }
}
pose {
  position {
    x: -0.81134257293974243
    y: 0.33325768214844526
  }
  orientation {
    z: -0.41078081825977808
    w: 0.91173412755574046
  }
}
twist {
  linear {
    x: 0.49999999999847944
  }
  angular {
    z: 0.50000000000125056
  }
}

header {
  stamp {
    sec: 87
    nsec: 600000000
  }
  data {
    key: "frame_id"
    value: "vehicle_blue/odom"
  }
  data {
    key: "child_frame_id"
    value: "vehicle_blue/chassis"
  }
}
pose {
  position {
    x: -0.79454727761069721
    y: 0.31474051434660827
  }
  orientation {
    z: -0.39935234661787455
    w: 0.91679752576607509
  }
}
twist {
  linear {
    x: 0.49999999999847944
  }
  angular {
    z: 0.50000000000125056
  }
}

header {
  stamp {
    sec: 87
    nsec: 650000000
  }
  data {
    key: "frame_id"
    value: "vehicle_blue/odom"
  }
  data {
    key: "child_frame_id"
    value: "vehicle_blue/chassis"
  }
}
pose {
  position {
    x: -0.77729434956332621
    y: 0.29664897150517494
  }
  orientation {
    z: -0.38786147698429174
    w: 0.92171767622822753
  }
}
twist {
  linear {
    x: 0.49999999999847944
  }
  angular {
    z: 0.50000000000125056
  }
}

header {
  stamp {
    sec: 87
    nsec: 700000000
  }
  data {
    key: "frame_id"
    value: "vehicle_blue/odom"
  }
  data {
    key: "child_frame_id"
    value: "vehicle_blue/chassis"
  }
}
pose {
  position {
    x: -0.75959457131604879
    y: 0.27899436024951674
  }
  orientation {
    z: -0.37631000478403204
    w: 0.92649381017869836
  }
}
twist {
  linear {
    x: 0.49999999999847944
  }
  angular {
    z: 0.50000000000125056
  }
}

header {
  stamp {
    sec: 87
    nsec: 750000000
  }
  data {
    key: "frame_id"
    value: "vehicle_blue/odom"
  }
  data {
    key: "child_frame_id"
    value: "vehicle_blue/chassis"
  }
}
pose {
  position {
    x: -0.74145900465411874
    y: 0.26178771413698537
  }
  orientation {
    z: -0.36469973491112506
    w: 0.93112518135627453
  }
}
twist {
  linear {
    x: 0.49999999999847944
  }
  angular {
    z: 0.50000000000125056
  }
}

header {
  stamp {
    sec: 87
    nsec: 800000000
  }
  data {
    key: "frame_id"
    value: "vehicle_blue/odom"
  }
  data {
    key: "child_frame_id"
    value: "vehicle_blue/chassis"
  }
}
pose {
  position {
    x: -0.72289898371636008
    y: 0.24503978676130134
  }
  orientation {
    z: -0.35303248144661759
    w: 0.93561106611863221
  }
}
twist {
  linear {
    x: 0.49999999999847944
  }
  angular {
    z: 0.50000000000125056
  }
}

header {
  stamp {
    sec: 87
    nsec: 850000000
  }
  data {
    key: "frame_id"
    value: "vehicle_blue/odom"
  }
  data {
    key: "child_frame_id"
    value: "vehicle_blue/chassis"
  }
}
pose {
  position {
    x: -0.703926107911707
    y: 0.22876104503190553
  }
  orientation {
    z: -0.34131006737512654
    w: 0.93995076355540386
  }
}
twist {
  linear {
    x: 0.49999999999847944
  }
  angular {
    z: 0.50000000000125056
  }
}

header {
  stamp {
    sec: 87
    nsec: 900000000
  }
  data {
    key: "frame_id"
    value: "vehicle_blue/odom"
  }
  data {
    key: "child_frame_id"
    value: "vehicle_blue/chassis"
  }
}
pose {
  position {
    x: -0.68455223466994064
    y: 0.21296166263248315
  }
  orientation {
    z: -0.32953432430000129
    w: 0.94414359559769379
  }
}
twist {
  linear {
    x: 0.49999999999847944
  }
  angular {
    z: 0.50000000000125056
  }
}

header {
  stamp {
    sec: 87
    nsec: 950000000
  }
  data {
    key: "frame_id"
    value: "vehicle_blue/odom"
  }
  data {
    key: "child_frame_id"
    value: "vehicle_blue/chassis"
  }
}
pose {
  position {
    x: -0.664789472031191
    y: 0.19765151366274164
  }
  orientation {
    z: -0.31770709215713971
    w: 0.948188907124026
  }
}
twist {
  linear {
    x: 0.49999999999847944
  }
  angular {
    z: 0.50000000000125056
  }
}

header {
  stamp {
    sec: 88
  }
  data {
    key: "frame_id"
    value: "vehicle_blue/odom"
  }
  data {
    key: "child_frame_id"
    value: "vehicle_blue/chassis"
  }
}
pose {
  position {
    x: -0.64465017107880362
    y: 0.18284016646742041
  }
  orientation {
    z: -0.30583021892750167
    w: 0.95208606606270441
  }
}
twist {
  linear {
    x: 0.49999999999847944
  }
  angular {
    z: 0.50000000000125056
  }
}

header {
  stamp {
    sec: 88
    nsec: 50000000
  }
  data {
    key: "frame_id"
    value: "vehicle_blue/odom"
  }
  data {
    key: "child_frame_id"
    value: "vehicle_blue/chassis"
  }
}
pose {
  position {
    x: -0.624146918220309
    y: 0.16853687765638636
  }
  orientation {
    z: -0.2939055603483659
    w: 0.95583446349057377
  }
}
twist {
  linear {
    x: 0.49999999999847944
  }
  angular {
    z: 0.50000000000125056
  }
}

header {
  stamp {
    sec: 88
    nsec: 100000000
  }
  data {
    key: "frame_id"
    value: "vehicle_blue/odom"
  }
  data {
    key: "child_frame_id"
    value: "vehicle_blue/chassis"
  }
}
pose {
  position {
    x: -0.6032925273213362
    y: 0.1547505863195543
  }
  orientation {
    z: -0.28193497962337477
    w: 0.9594335137281621
  }
}
twist {
  linear {
    x: 0.49999999999847944
  }
  angular {
    z: 0.50000000000125056
  }
}

header {
  stamp {
    sec: 88
    nsec: 150000000
  }
  data {
    key: "frame_id"
    value: "vehicle_blue/odom"
  }
  data {
    key: "child_frame_id"
    value: "vehicle_blue/chassis"
  }
}
pose {
  position {
    x: -0.58210003169735458
    y: 0.14148990844024664
  }
  orientation {
    z: -0.26992034713141233
    w: 0.96288265443119181
  }
}
twist {
  linear {
    x: 0.49999999999847944
  }
  angular {
    z: 0.50000000000125056
  }
}

header {
  stamp {
    sec: 88
    nsec: 200000000
  }
  data {
    key: "frame_id"
    value: "vehicle_blue/odom"
  }
  data {
    key: "child_frame_id"
    value: "vehicle_blue/chassis"
  }
}
pose {
  position {
    x: -0.56058267596828548
    y: 0.12876313151048421
  }
  orientation {
    z: -0.25786354013436197
    w: 0.96618134667844535
  }
}
twist {
  linear {
    x: 0.49999999999847944
  }
  angular {
    z: 0.50000000000125056
  }
}

header {
  stamp {
    sec: 88
    nsec: 250000000
  }
  data {
    key: "frame_id"
    value: "vehicle_blue/odom"
  }
  data {
    key: "child_frame_id"
    value: "vehicle_blue/chassis"
  }
}
pose {
  position {
    x: -0.53875390778104
    y: 0.11657820935157386
  }
  orientation {
    z: -0.24576644248378743
    w: 0.96932907505597055
  }
}
twist {
  linear {
    x: 0.49999999999847944
  }
  angular {
    z: 0.50000000000125056
  }
}

header {
  stamp {
    sec: 88
    nsec: 300000000
  }
  data {
    key: "frame_id"
    value: "vehicle_blue/odom"
  }
  data {
    key: "child_frame_id"
    value: "vehicle_blue/chassis"
  }
}
pose {
  position {
    x: -0.51662736940517728
    y: 0.10494275714322847
  }
  orientation {
    z: -0.233630944326585
    w: 0.972325347737612
  }
}
twist {
  linear {
    x: 0.49999999999847944
  }
  angular {
    z: 0.50000000000125056
  }
}

header {
  stamp {
    sec: 88
    nsec: 350000000
  }
  data {
    key: "frame_id"
    value: "vehicle_blue/odom"
  }
  data {
    key: "child_frame_id"
    value: "vehicle_blue/chassis"
  }
}
pose {
  position {
    x: -0.4942168892069328
    y: 0.093864046664328044
  }
  orientation {
    z: -0.22145894180965228
    w: 0.97516969656185948
  }
}
twist {
  linear {
    x: 0.49999999999847944
  }
  angular {
    z: 0.50000000000125056
  }
}

header {
  stamp {
    sec: 88
    nsec: 400000000
  }
  data {
    key: "frame_id"
    value: "vehicle_blue/odom"
  }
  data {
    key: "child_frame_id"
    value: "vehicle_blue/chassis"
  }
}
pose {
  position {
    x: -0.47153647300693768
    y: 0.083349001748294307
  }
  orientation {
    z: -0.20925233678361865
    w: 0.97786167710499583
  }
}
twist {
  linear {
    x: 0.49999999999847944
  }
  angular {
    z: 0.50000000000125056
  }
}

header {
  stamp {
    sec: 88
    nsec: 450000000
  }
  data {
    key: "frame_id"
    value: "vehicle_blue/odom"
  }
  data {
    key: "child_frame_id"
    value: "vehicle_blue/chassis"
  }
}
pose {
  position {
    x: -0.448600295327038
    y: 0.0734041939559204
  }
  orientation {
    z: -0.19701303650568516
    w: 0.980400868750538
  }
}
twist {
  linear {
    x: 0.49999999999847944
  }
  angular {
    z: 0.50000000000125056
  }
}

header {
  stamp {
    sec: 88
    nsec: 500000000
  }
  data {
    key: "frame_id"
    value: "vehicle_blue/odom"
  }
  data {
    key: "child_frame_id"
    value: "vehicle_blue/chassis"
  }
}
pose {
  position {
    x: -0.42542269053167797
    y: 0.064035838468359044
  }
  orientation {
    z: -0.1847429533416195
    w: 0.98278687475495741
  }
}
twist {
  linear {
    x: 0.49999999999847944
  }
  angular {
    z: 0.50000000000125056
  }
}

header {
  stamp {
    sec: 88
    nsec: 550000000
  }
  data {
    key: "frame_id"
    value: "vehicle_blue/odom"
  }
  data {
    key: "child_frame_id"
    value: "vehicle_blue/chassis"
  }
}
pose {
  position {
    x: -0.40201814386939211
    y: 0.055249790202836789
  }
  orientation {
    z: -0.17244400446695252
    w: 0.98501932230967
  }
}
twist {
  linear {
    x: 0.49999999999847944
  }
  angular {
    z: 0.50000000000125056
  }
}

header {
  stamp {
    sec: 88
    nsec: 600000000
  }
  data {
    key: "frame_id"
    value: "vehicle_blue/odom"
  }
  data {
    key: "child_frame_id"
    value: "vehicle_blue/chassis"
  }
}
pose {
  position {
    x: -0.37840128241999332
    y: 0.047051540153521511
  }
  orientation {
    z: -0.16011811156742387
    w: 0.98709786259928756
  }
}
twist {
  linear {
    x: 0.49999999999847944
  }
  angular {
    z: 0.50000000000125056
  }
}

header {
  stamp {
    sec: 88
    nsec: 650000000
  }
  data {
    key: "frame_id"
    value: "vehicle_blue/odom"
  }
  data {
    key: "child_frame_id"
    value: "vehicle_blue/chassis"
  }
}
pose {
  position {
    x: -0.35458686595312539
    y: 0.039446211959829482
  }
  orientation {
    z: -0.14776720053872211
    w: 0.98902217085611843
  }
}
twist {
  linear {
    x: 0.49999999999847944
  }
  angular {
    z: 0.50000000000125056
  }
}

header {
  stamp {
    sec: 88
    nsec: 700000000
  }
  data {
    key: "frame_id"
    value: "vehicle_blue/odom"
  }
  data {
    key: "child_frame_id"
    value: "vehicle_blue/chassis"
  }
}
pose {
  position {
    x: -0.33058977770388692
    y: 0.032438558704317673
  }
  orientation {
    z: -0.13539320118556766
    w: 0.99079194641091251
  }
}
twist {
  linear {
    x: 0.49999999999847944
  }
  angular {
    z: 0.50000000000125056
  }
}

header {
  stamp {
    sec: 88
    nsec: 750000000
  }
  data {
    key: "frame_id"
    value: "vehicle_blue/odom"
  }
  data {
    key: "child_frame_id"
    value: "vehicle_blue/chassis"
  }
}
pose {
  position {
    x: -0.30642501507129577
    y: 0.026032959942161881
  }
  orientation {
    z: -0.12299804692018454
    w: 0.99240691273983983
  }
}
twist {
  linear {
    x: 0.49999999999847944
  }
  angular {
    z: 0.50000000000125056
  }
}

header {
  stamp {
    sec: 88
    nsec: 800000000
  }
  data {
    key: "frame_id"
    value: "vehicle_blue/odom"
  }
  data {
    key: "child_frame_id"
    value: "vehicle_blue/chassis"
  }
}
pose {
  position {
    x: -0.28210768024540006
    y: 0.020233418964077043
  }
  orientation {
    z: -0.11058367446020893
    w: 0.99386681750769734
  }
}
twist {
  linear {
    x: 0.49999999999847944
  }
  angular {
    z: 0.50000000000125056
  }
}

header {
  stamp {
    sec: 88
    nsec: 850000000
  }
  data {
    key: "frame_id"
    value: "vehicle_blue/odom"
  }
  data {
    key: "child_frame_id"
    value: "vehicle_blue/chassis"
  }
}
pose {
  position {
    x: -0.2576529707689027
    y: 0.015043560294391464
  }
  orientation {
    z: -0.098152023526080712
    w: 0.99517143260733509
  }
}
twist {
  linear {
    x: 0.49999999999847944
  }
  angular {
    z: 0.50000000000125056
  }
}

header {
  stamp {
    sec: 88
    nsec: 900000000
  }
  data {
    key: "frame_id"
    value: "vehicle_blue/odom"
  }
  data {
    key: "child_frame_id"
    value: "vehicle_blue/chassis"
  }
}
pose {
  position {
    x: -0.23307617003919109
    y: 0.01046662742583652
  }
  orientation {
    z: -0.085705036537966212
    w: 0.99632055419529808
  }
}
twist {
  linear {
    x: 0.49999999999847944
  }
  angular {
    z: 0.50000000000125056
  }
}

header {
  stamp {
    sec: 88
    nsec: 950000000
  }
  data {
    key: "frame_id"
    value: "vehicle_blue/odom"
  }
  data {
    key: "child_frame_id"
    value: "vehicle_blue/chassis"
  }
}
pose {
  position {
    x: -0.20839263775671213
    y: 0.0065054807924693663
  }
  orientation {
    z: -0.073244658312259028
    w: 0.997314002723676
  }
}
twist {
  linear {
    x: 0.49999999999847944
  }
  angular {
    z: 0.50000000000125056
  }
}

header {
  stamp {
    sec: 89
  }
  data {
    key: "frame_id"
    value: "vehicle_blue/odom"
  }
  data {
    key: "child_frame_id"
    value: "vehicle_blue/chassis"
  }
}
pose {
  position {
    x: -0.18361780032565947
    y: 0.0031625959819949353
  }
  orientation {
    z: -0.06077283575770636
    w: 0.99815162296815751
  }
}
twist {
  linear {
    x: 0.49999999999847944
  }
  angular {
    z: 0.50000000000125056
  }
}

header {
  stamp {
    sec: 89
    nsec: 50000000
  }
  data {
    key: "frame_id"
    value: "vehicle_blue/odom"
  }
  data {
    key: "child_frame_id"
    value: "vehicle_blue/chassis"
  }
}
pose {
  position {
    x: -0.15876714121297095
    y: 0.00044006218860441677
  }
  orientation {
    z: -0.0482915175712085
    w: 0.99883328405228355
  }
}
twist {
  linear {
    x: 0.49999999999847944
  }
  angular {
    z: 0.50000000000125056
  }
}

header {
  stamp {
    sec: 89
    nsec: 100000000
  }
  data {
    key: "frame_id"
    value: "vehicle_blue/odom"
  }
  data {
    key: "child_frame_id"
    value: "vehicle_blue/chassis"
  }
}
pose {
  position {
    x: -0.13385619127166834
    y: -0.0016604190927037472
  }
  orientation {
    z: -0.035802653933338938
    w: 0.99935887946789648
  }
}
twist {
  linear {
    x: 0.49999999999847944
  }
  angular {
    z: 0.50000000000125056
  }
}

header {
  stamp {
    sec: 89
    nsec: 150000000
  }
  data {
    key: "frame_id"
    value: "vehicle_blue/odom"
  }
  data {
    key: "child_frame_id"
    value: "vehicle_blue/chassis"
  }
}
pose {
  position {
    x: -0.10890051903457895
    y: -0.0031375351295023579
  }
  orientation {
    z: -0.023308196203632562
    w: 0.99972832709178194
  }
}
twist {
  linear {
    x: 0.49999999999847944
  }
  angular {
    z: 0.50000000000125056
  }
}

header {
  stamp {
    sec: 89
    nsec: 200000000
  }
  data {
    key: "frame_id"
    value: "vehicle_blue/odom"
  }
  data {
    key: "child_frame_id"
    value: "vehicle_blue/chassis"
  }
}
pose {
  position {
    x: -0.083915720984508627
    y: -0.0039903627723506425
  }
  orientation {
    z: -0.010810096615689751
    w: 0.99994156919850052
  }
}
twist {
  linear {
    x: 0.49999999999847944
  }
  angular {
    z: 0.50000000000125056
  }
}

header {
  stamp {
    sec: 89
    nsec: 250000000
  }
  data {
    key: "frame_id"
    value: "vehicle_blue/odom"
  }
  data {
    key: "child_frame_id"
    value: "vehicle_blue/chassis"
  }
}
pose {
  position {
    x: -0.058917411806948566
    y: -0.0042183690317325242
  }
  orientation {
    z: 0.0016896920278561887
    w: 0.9999985724694066
  }
}
twist {
  linear {
    x: 0.49999999999847944
  }
  angular {
    z: 0.50000000000125056
  }
}

header {
  stamp {
    sec: 89
    nsec: 300000000
  }
  data {
    key: "frame_id"
    value: "vehicle_blue/odom"
  }
  data {
    key: "child_frame_id"
    value: "vehicle_blue/chassis"
  }
}
pose {
  position {
    x: -0.033921214631404628
    y: -0.0038214114111577309
  }
  orientation {
    z: 0.014189216660460443
    w: 0.9998993279978553
  }
}
twist {
  linear {
    x: 0.49999999999847944
  }
  angular {
    z: 0.50000000000125056
  }
}

header {
  stamp {
    sec: 89
    nsec: 350000000
  }
  data {
    key: "frame_id"
    value: "vehicle_blue/odom"
  }
  data {
    key: "child_frame_id"
    value: "vehicle_blue/chassis"
  }
}
pose {
  position {
    x: -0.0089427512674503072
    y: -0.0027997379962176648
  }
  orientation {
    z: 0.026686524256829377
    w: 0.9996438512905933
  }
}
twist {
  linear {
    x: 0.49999999999847944
  }
  angular {
    z: 0.50000000000125056
  }
}

header {
  stamp {
    sec: 89
    nsec: 400000000
  }
  data {
    key: "frame_id"
    value: "vehicle_blue/odom"
  }
  data {
    key: "child_frame_id"
    value: "vehicle_blue/chassis"
  }
}
pose {
  position {
    x: 0.016002367558395927
    y: -0.001153987299539871
  }
  orientation {
    z: 0.039179662138076742
    w: 0.99923218226533628
  }
}
twist {
  linear {
    x: 0.49999999999847944
  }
  angular {
    z: 0.50000000000125056
  }
}

header {
  stamp {
    sec: 89
    nsec: 450000000
  }
  data {
    key: "frame_id"
    value: "vehicle_blue/odom"
  }
  data {
    key: "child_frame_id"
    value: "vehicle_blue/chassis"
  }
}
pose {
  position {
    x: 0.0408985519588665
    y: 0.0011148121382619776
  }
  orientation {
    z: 0.051666678276825813
    w: 0.99866438524453194
  }
}
twist {
  linear {
    x: 0.49999999999847944
  }
  angular {
    z: 0.50000000000125056
  }
}

header {
  stamp {
    sec: 89
    nsec: 500000000
  }
  data {
    key: "frame_id"
    value: "vehicle_blue/odom"
  }
  data {
    key: "child_frame_id"
    value: "vehicle_blue/chassis"
  }
}
pose {
  position {
    x: 0.065730242629116808
    y: 0.0040052423913915563
  }
  orientation {
    z: 0.064145621602209685
    w: 0.99794054894530981
  }
}
twist {
  linear {
    x: 0.49999999999847944
  }
  angular {
    z: 0.50000000000125056
  }
}

header {
  stamp {
    sec: 89
    nsec: 550000000
  }
  data {
    key: "frame_id"
    value: "vehicle_blue/odom"
  }
  data {
    key: "child_frame_id"
    value: "vehicle_blue/chassis"
  }
}
pose {
  position {
    x: 0.090481920570784344
    y: 0.0075154970350284813
  }
  orientation {
    z: 0.076614542304722047
    w: 0.99706078646561869
  }
}
twist {
  linear {
    x: 0.49999999999847944
  }
  angular {
    z: 0.50000000000125056
  }
}

header {
  stamp {
    sec: 89
    nsec: 600000000
  }
  data {
    key: "frame_id"
    value: "vehicle_blue/odom"
  }
  data {
    key: "child_frame_id"
    value: "vehicle_blue/chassis"
  }
}
pose {
  position {
    x: 0.11513811679085727
    y: 0.011643382274284016
  }
  orientation {
    z: 0.089071492140871122
    w: 0.99602523526655629
  }
}
twist {
  linear {
    x: 0.49999999999847944
  }
  angular {
    z: 0.50000000000125056
  }
}

header {
  stamp {
    sec: 89
    nsec: 650000000
  }
  data {
    key: "frame_id"
    value: "vehicle_blue/odom"
  }
  data {
    key: "child_frame_id"
    value: "vehicle_blue/chassis"
  }
}
pose {
  position {
    x: 0.13968342196929179
    y: 0.01638631831525212
  }
  orientation {
    z: 0.1015145247375886
    w: 0.99483405715089068
  }
}
twist {
  linear {
    x: 0.49999999999847944
  }
  angular {
    z: 0.50000000000125056
  }
}

header {
  stamp {
    sec: 89
    nsec: 700000000
  }
  data {
    key: "frame_id"
    value: "vehicle_blue/odom"
  }
  data {
    key: "child_frame_id"
    value: "vehicle_blue/chassis"
  }
}
pose {
  position {
    x: 0.16410249608933558
    y: 0.021741340977296415
  }
  orientation {
    z: 0.11394169589634646
    w: 0.99348743823777885
  }
}
twist {
  linear {
    x: 0.49999999999847944
  }
  angular {
    z: 0.50000000000125056
  }
}

header {
  stamp {
    sec: 89
    nsec: 750000000
  }
  data {
    key: "frame_id"
    value: "vehicle_blue/odom"
  }
  data {
    key: "child_frame_id"
    value: "vehicle_blue/chassis"
  }
}
pose {
  position {
    x: 0.18838007802453882
    y: 0.02770510354556668
  }
  orientation {
    z: 0.12635106389693421
    w: 0.99198558893368649
  }
}
twist {
  linear {
    x: 0.49999999999847944
  }
  angular {
    z: 0.50000000000125056
  }
}

header {
  stamp {
    sec: 89
    nsec: 800000000
  }
  data {
    key: "frame_id"
    value: "vehicle_blue/odom"
  }
  data {
    key: "child_frame_id"
    value: "vehicle_blue/chassis"
  }
}
pose {
  position {
    x: 0.21250099507646097
    y: 0.03427387886258651
  }
  orientation {
    z: 0.13874068980084853
    w: 0.99032874389951175
  }
}
twist {
  linear {
    x: 0.49999999999847944
  }
  angular {
    z: 0.50000000000125056
  }
}

header {
  stamp {
    sec: 89
    nsec: 850000000
  }
  data {
    key: "frame_id"
    value: "vehicle_blue/odom"
  }
  data {
    key: "child_frame_id"
    value: "vehicle_blue/chassis"
  }
}
pose {
  position {
    x: 0.23645017245711469
    y: 0.041443561657605668
  }
  orientation {
    z: 0.15110863775424851
    w: 0.98851716201392037
  }
}
twist {
  linear {
    x: 0.49999999999847944
  }
  angular {
    z: 0.50000000000125056
  }
}

header {
  stamp {
    sec: 89
    nsec: 900000000
  }
  data {
    key: "frame_id"
    value: "vehicle_blue/odom"
  }
  data {
    key: "child_frame_id"
    value: "vehicle_blue/chassis"
  }
}
pose {
  position {
    x: 0.26021264271021582
    y: 0.049209671112260427
  }
  orientation {
    z: 0.16345297529042901
    w: 0.98655112633289632
  }
}
twist {
  linear {
    x: 0.49999999999847944
  }
  angular {
    z: 0.50000000000125056
  }
}

header {
  stamp {
    sec: 89
    nsec: 950000000
  }
  data {
    key: "frame_id"
    value: "vehicle_blue/odom"
  }
  data {
    key: "child_frame_id"
    value: "vehicle_blue/chassis"
  }
}
pose {
  position {
    x: 0.28377355506535834
    y: 0.05756735366093936
  }
  orientation {
    z: 0.17577177363176444
    w: 0.984430944045515
  }
}
twist {
  linear {
    x: 0.49999999999847944
  }
  angular {
    z: 0.50000000000125056
  }
}

header {
  stamp {
    sec: 90
  }
  data {
    key: "frame_id"
    value: "vehicle_blue/odom"
  }
  data {
    key: "child_frame_id"
    value: "vehicle_blue/chassis"
  }
}
pose {
  position {
    x: 0.307118184719261
    y: 0.066511386024103822
  }
  orientation {
    z: 0.18806310799107645
    w: 0.98215694642594509
  }
}
twist {
  linear {
    x: 0.49999999999847944
  }
  angular {
    z: 0.50000000000125056
  }
}

header {
  stamp {
    sec: 90
    nsec: 50000000
  }
  data {
    key: "frame_id"
    value: "vehicle_blue/odom"
  }
  data {
    key: "child_frame_id"
    value: "vehicle_blue/chassis"
  }
}
pose {
  position {
    x: 0.3302319420382907
    y: 0.0760361784726677
  }
  orientation {
    z: 0.20032505787237814
    w: 0.97972948878168842
  }
}
twist {
  linear {
    x: 0.49999999999847944
  }
  angular {
    z: 0.50000000000125056
  }
}

header {
  stamp {
    sec: 90
    nsec: 100000000
  }
  data {
    key: "frame_id"
    value: "vehicle_blue/odom"
  }
  data {
    key: "child_frame_id"
    value: "vehicle_blue/chassis"
  }
}
pose {
  position {
    x: 0.3531003816765072
    y: 0.086135778321395989
  }
  orientation {
    z: 0.21255570737094728
    w: 0.977148950398063
  }
}
twist {
  linear {
    x: 0.49999999999847944
  }
  angular {
    z: 0.50000000000125056
  }
}

header {
  stamp {
    sec: 90
    nsec: 150000000
  }
  data {
    key: "frame_id"
    value: "vehicle_blue/odom"
  }
  data {
    key: "child_frame_id"
    value: "vehicle_blue/chassis"
  }
}
pose {
  position {
    x: 0.375709211603538
    y: 0.0968038736491393
  }
  orientation {
    z: 0.22475314547268302
    w: 0.97441573447894148
  }
}
twist {
  linear {
    x: 0.49999999999847944
  }
  angular {
    z: 0.50000000000125056
  }
}

header {
  stamp {
    sec: 90
    nsec: 200000000
  }
  data {
    key: "frame_id"
    value: "vehicle_blue/odom"
  }
  data {
    key: "child_frame_id"
    value: "vehicle_blue/chassis"
  }
}
pose {
  position {
    x: 0.39804430203662644
    y: 0.10803379724357942
  }
  orientation {
    z: 0.23691546635269756
    w: 0.97153026808375043
  }
}
twist {
  linear {
    x: 0.49999999999847944
  }
  angular {
    z: 0.50000000000125056
  }
}

header {
  stamp {
    sec: 90
    nsec: 250000000
  }
  data {
    key: "frame_id"
    value: "vehicle_blue/odom"
  }
  data {
    key: "child_frame_id"
    value: "vehicle_blue/chassis"
  }
}
pose {
  position {
    x: 0.42009169427129067
    y: 0.11981853076801922
  }
  orientation {
    z: 0.24904076967309749
    w: 0.96849300206074351
  }
}
twist {
  linear {
    x: 0.49999999999847944
  }
  angular {
    z: 0.50000000000125056
  }
}

header {
  stamp {
    sec: 90
    nsec: 300000000
  }
  data {
    key: "frame_id"
    value: "vehicle_blue/odom"
  }
  data {
    key: "child_frame_id"
    value: "vehicle_blue/chassis"
  }
}
pose {
  position {
    x: 0.4418376094050584
    y: 0.1321507091476159
  }
  orientation {
    z: 0.26112716087990795
    w: 0.96530441097655761
  }
}
twist {
  linear {
    x: 0.49999999999847944
  }
  angular {
    z: 0.50000000000125056
  }
}

header {
  stamp {
    sec: 90
    nsec: 350000000
  }
  data {
    key: "frame_id"
    value: "vehicle_blue/odom"
  }
  data {
    key: "child_frame_id"
    value: "vehicle_blue/chassis"
  }
}
pose {
  position {
    x: 0.46326845694882973
    y: 0.14502262517231179
  }
  orientation {
    z: 0.27317275149909237
    w: 0.9619649930420624
  }
}
twist {
  linear {
    x: 0.49999999999847944
  }
  angular {
    z: 0.50000000000125056
  }
}

header {
  stamp {
    sec: 90
    nsec: 400000000
  }
  data {
    key: "frame_id"
    value: "vehicle_blue/odom"
  }
  data {
    key: "child_frame_id"
    value: "vehicle_blue/chassis"
  }
}
pose {
  position {
    x: 0.48437084332049496
    y: 0.15842623431359026
  }
  orientation {
    z: 0.28517565943162348
    w: 0.95847527003451627
  }
}
twist {
  linear {
    x: 0.49999999999847944
  }
  angular {
    z: 0.50000000000125056
  }
}

header {
  stamp {
    sec: 90
    nsec: 450000000
  }
  data {
    key: "frame_id"
    value: "vehicle_blue/odom"
  }
  data {
    key: "child_frame_id"
    value: "vehicle_blue/chassis"
  }
}
pose {
  position {
    x: 0.5051315802154841
    y: 0.17235315975204438
  }
  orientation {
    z: 0.2971340092475564
    w: 0.95483578721603912
  }
}
twist {
  linear {
    x: 0.49999999999847944
  }
  angular {
    z: 0.50000000000125056
  }
}

header {
  stamp {
    sec: 90
    nsec: 500000000
  }
  data {
    key: "frame_id"
    value: "vehicle_blue/odom"
  }
  data {
    key: "child_frame_id"
    value: "vehicle_blue/chassis"
  }
}
pose {
  position {
    x: 0.52553769284902785
    y: 0.18679469761261611
  }
  orientation {
    z: 0.30904593247906176
    w: 0.951047113248417
  }
}
twist {
  linear {
    x: 0.49999999999847944
  }
  angular {
    z: 0.50000000000125056
  }
}

header {
  stamp {
    sec: 90
    nsec: 550000000
  }
  data {
    key: "frame_id"
    value: "vehicle_blue/odom"
  }
  data {
    key: "child_frame_id"
    value: "vehicle_blue/chassis"
  }
}
pose {
  position {
    x: 0.5455764280649783
    y: 0.20174182240423466
  }
  orientation {
    z: 0.32090956791236924
    w: 0.94710984010424915
  }
}
twist {
  linear {
    x: 0.49999999999847944
  }
  angular {
    z: 0.50000000000125056
  }
}

header {
  stamp {
    sec: 90
    nsec: 600000000
  }
  data {
    key: "frame_id"
    value: "vehicle_blue/odom"
  }
  data {
    key: "child_frame_id"
    value: "vehicle_blue/chassis"
  }
}
pose {
  position {
    x: 0.56523526230611554
    y: 0.21718519266045533
  }
  orientation {
    z: 0.332723061878579
    w: 0.94302458297445424
  }
}
twist {
  linear {
    x: 0.49999999999847944
  }
  angular {
    z: 0.50000000000125056
  }
}

header {
  stamp {
    sec: 90
    nsec: 650000000
  }
  data {
    key: "frame_id"
    value: "vehicle_blue/odom"
  }
  data {
    key: "child_frame_id"
    value: "vehicle_blue/chassis"
  }
}
pose {
  position {
    x: 0.5845019094409597
    y: 0.23311515677757144
  }
  orientation {
    z: 0.34448456854329312
    w: 0.93879198017214716
  }
}
twist {
  linear {
    x: 0.49999999999847944
  }
  angular {
    z: 0.50000000000125056
  }
}

header {
  stamp {
    sec: 90
    nsec: 700000000
  }
  data {
    key: "frame_id"
    value: "vehicle_blue/odom"
  }
  data {
    key: "child_frame_id"
    value: "vehicle_blue/chassis"
  }
}
pose {
  position {
    x: 0.60336432844220766
    y: 0.24952175904655213
  }
  orientation {
    z: 0.35619225019502415
    w: 0.93441269303290464
  }
}
twist {
  linear {
    x: 0.49999999999847944
  }
  angular {
    z: 0.50000000000125056
  }
}

header {
  stamp {
    sec: 90
    nsec: 750000000
  }
  data {
    key: "frame_id"
    value: "vehicle_blue/odom"
  }
  data {
    key: "child_frame_id"
    value: "vehicle_blue/chassis"
  }
}
pose {
  position {
    x: 0.62181073091198469
    y: 0.26639474587503736
  }
  orientation {
    z: 0.36784427753233312
    w: 0.92988740581143259
  }
}
twist {
  linear {
    x: 0.49999999999847944
  }
  angular {
    z: 0.50000000000125056
  }
}

header {
  stamp {
    sec: 90
    nsec: 800000000
  }
  data {
    key: "frame_id"
    value: "vehicle_blue/odom"
  }
  data {
    key: "child_frame_id"
    value: "vehicle_blue/chassis"
  }
}
pose {
  position {
    x: 0.63982958844920079
    y: 0.28372357219549893
  }
  orientation {
    z: 0.37943882994965455
    w: 0.92521682557465257
  }
}
twist {
  linear {
    x: 0.49999999999847944
  }
  angular {
    z: 0.50000000000125056
  }
}

header {
  stamp {
    sec: 90
    nsec: 850000000
  }
  data {
    key: "frame_id"
    value: "vehicle_blue/odom"
  }
  data {
    key: "child_frame_id"
    value: "vehicle_blue/chassis"
  }
}
pose {
  position {
    x: 0.65740963985443468
    y: 0.30149740805556369
  }
  orientation {
    z: 0.39097409582176235
    w: 0.92040168209122453
  }
}
twist {
  linear {
    x: 0.49999999999847944
  }
  angular {
    z: 0.50000000000125056
  }
}

header {
  stamp {
    sec: 90
    nsec: 900000000
  }
  data {
    key: "frame_id"
    value: "vehicle_blue/odom"
  }
  data {
    key: "child_frame_id"
    value: "vehicle_blue/chassis"
  }
}
pose {
  position {
    x: 0.67453989816781379
    y: 0.31970514538638273
  }
  orientation {
    z: 0.40244827278683226
    w: 0.91544272771752111
  }
}
twist {
  linear {
    x: 0.49999999999847944
  }
  angular {
    z: 0.50000000000125056
  }
}

header {
  stamp {
    sec: 90
    nsec: 950000000
  }
  data {
    key: "frame_id"
    value: "vehicle_blue/odom"
  }
  data {
    key: "child_frame_id"
    value: "vehicle_blue/chassis"
  }
}
pose {
  position {
    x: 0.69120965753550712
    y: 0.33833540494481157
  }
  orientation {
    z: 0.41385956802805779
    w: 0.91034073728007436
  }
}
twist {
  linear {
    x: 0.49999999999847944
  }
  angular {
    z: 0.50000000000125056
  }
}

header {
  stamp {
    sec: 91
  }
  data {
    key: "frame_id"
    value: "vehicle_blue/odom"
  }
  data {
    key: "child_frame_id"
    value: "vehicle_blue/chassis"
  }
}
pose {
  position {
    x: 0.70740849990053156
    y: 0.35737654342506708
  }
  orientation {
    z: 0.42520619855377367
    w: 0.90509650795451024
  }
}
twist {
  linear {
    x: 0.49999999999847944
  }
  angular {
    z: 0.50000000000125056
  }
}

header {
  stamp {
    sec: 91
    nsec: 50000000
  }
  data {
    key: "frame_id"
    value: "vehicle_blue/odom"
  }
  data {
    key: "child_frame_id"
    value: "vehicle_blue/chassis"
  }
}
pose {
  position {
    x: 0.723126301513706
    y: 0.37681666073541531
  }
  orientation {
    z: 0.43648639147604484
    w: 0.89971085914099147
  }
}
twist {
  linear {
    x: 0.49999999999847944
  }
  angular {
    z: 0.50000000000125056
  }
}

header {
  stamp {
    sec: 91
    nsec: 100000000
  }
  data {
    key: "frame_id"
    value: "vehicle_blue/odom"
  }
  data {
    key: "child_frame_id"
    value: "vehicle_blue/chassis"
  }
}
pose {
  position {
    x: 0.73835323926065854
    y: 0.39664360743533988
  }
  orientation {
    z: 0.44769838428767683
    w: 0.89418463233618806
  }
}
twist {
  linear {
    x: 0.49999999999847944
  }
  angular {
    z: 0.50000000000125056
  }
}

header {
  stamp {
    sec: 91
    nsec: 150000000
  }
  data {
    key: "frame_id"
    value: "vehicle_blue/odom"
  }
  data {
    key: "child_frame_id"
    value: "vehicle_blue/chassis"
  }
}
pose {
  position {
    x: 0.75307979680095438
    y: 0.4168449923285486
  }
  orientation {
    z: 0.45884042513760337
    w: 0.888518691001795
  }
}
twist {
  linear {
    x: 0.49999999999847944
  }
  angular {
    z: 0.50000000000125056
  }
}

header {
  stamp {
    sec: 91
    nsec: 200000000
  }
  data {
    key: "frame_id"
    value: "vehicle_blue/odom"
  }
  data {
    key: "child_frame_id"
    value: "vehicle_blue/chassis"
  }
}
pose {
  position {
    x: 0.76729677051550138
    y: 0.43740819020706595
  }
  orientation {
    z: 0.46991077310461016
    w: 0.88271392042961894
  }
}
twist {
  linear {
    x: 0.49999999999847944
  }
  angular {
    z: 0.50000000000125056
  }
}

header {
  stamp {
    sec: 91
    nsec: 250000000
  }
  data {
    key: "frame_id"
    value: "vehicle_blue/odom"
  }
  data {
    key: "child_frame_id"
    value: "vehicle_blue/chassis"
  }
}
pose {
  position {
    x: 0.78099527525851131
    y: 0.4583203497415797
  }
  orientation {
    z: 0.48090769846934989
    w: 0.87677122760325166
  }
}
twist {
  linear {
    x: 0.49999999999847944
  }
  angular {
    z: 0.50000000000125056
  }
}

header {
  stamp {
    sec: 91
    nsec: 300000000
  }
  data {
    key: "frame_id"
    value: "vehicle_blue/odom"
  }
  data {
    key: "child_frame_id"
    value: "vehicle_blue/chassis"
  }
}
pose {
  position {
    x: 0.79416674991042424
    y: 0.47956840151310032
  }
  orientation {
    z: 0.49182948298460755
    w: 0.87069154105635693
  }
}
twist {
  linear {
    x: 0.49999999999847944
  }
  angular {
    z: 0.50000000000125056
  }
}

header {
  stamp {
    sec: 91
    nsec: 350000000
  }
  data {
    key: "frame_id"
    value: "vehicle_blue/odom"
  }
  data {
    key: "child_frame_id"
    value: "vehicle_blue/chassis"
  }
}
pose {
  position {
    x: 0.80680296272833263
    y: 0.50113906618092452
  }
  orientation {
    z: 0.50267442014377284
    w: 0.86447581072758872
  }
}
twist {
  linear {
    x: 0.49999999999847944
  }
  angular {
    z: 0.50000000000125056
  }
}

header {
  stamp {
    sec: 91
    nsec: 400000000
  }
  data {
    key: "frame_id"
    value: "vehicle_blue/odom"
  }
  data {
    key: "child_frame_id"
    value: "vehicle_blue/chassis"
  }
}
pose {
  position {
    x: 0.81889601649055288
    y: 0.52301886278179066
  }
  orientation {
    z: 0.51344081544747866
    w: 0.85812500781216494
  }
}
twist {
  linear {
    x: 0.49999999999847944
  }
  angular {
    z: 0.50000000000125056
  }
}

header {
  stamp {
    sec: 91
    nsec: 450000000
  }
  data {
    key: "frame_id"
    value: "vehicle_blue/odom"
  }
  data {
    key: "child_frame_id"
    value: "vehicle_blue/chassis"
  }
}
pose {
  position {
    x: 0.83043835343212768
    y: 0.545194117155041
  }
  orientation {
    z: 0.524126986668363
    w: 0.85164012461012051
  }
}
twist {
  linear {
    x: 0.49999999999847944
  }
  angular {
    z: 0.50000000000125056
  }
}

header {
  stamp {
    sec: 91
    nsec: 500000000
  }
  data {
    key: "frame_id"
    value: "vehicle_blue/odom"
  }
  data {
    key: "child_frame_id"
    value: "vehicle_blue/chassis"
  }
}
pose {
  position {
    x: 0.84142275996818972
    y: 0.56765097048852742
  }
  orientation {
    z: 0.53473126411391347
    w: 0.84502217437126237
  }
}
twist {
  linear {
    x: 0.49999999999847944
  }
  angular {
    z: 0.50000000000125056
  }
}

header {
  stamp {
    sec: 91
    nsec: 550000000
  }
  data {
    key: "frame_id"
    value: "vehicle_blue/odom"
  }
  data {
    key: "child_frame_id"
    value: "vehicle_blue/chassis"
  }
}
pose {
  position {
    x: 0.85184237120221074
    y: 0.590375387979919
  }
  orientation {
    z: 0.54525199088735365
    w: 0.838272191136851
  }
}
twist {
  linear {
    x: 0.49999999999847944
  }
  angular {
    z: 0.50000000000125056
  }
}

header {
  stamp {
    sec: 91
    nsec: 600000000
  }
  data {
    key: "frame_id"
    value: "vehicle_blue/odom"
  }
  data {
    key: "child_frame_id"
    value: "vehicle_blue/chassis"
  }
}
pose {
  position {
    x: 0.86169067521634168
    y: 0.61335316760799541
  }
  orientation {
    z: 0.55568752314652936
    w: 0.83139122957803413
  }
}
twist {
  linear {
    x: 0.49999999999847944
  }
  angular {
    z: 0.50000000000125056
  }
}

header {
  stamp {
    sec: 91
    nsec: 650000000
  }
  data {
    key: "frame_id"
    value: "vehicle_blue/odom"
  }
  data {
    key: "child_frame_id"
    value: "vehicle_blue/chassis"
  }
}
pose {
  position {
    x: 0.87096151714115211
    y: 0.63656994900844766
  }
  orientation {
    z: 0.56603623036075634
    w: 0.82438036483105592
  }
}
twist {
  linear {
    x: 0.49999999999847944
  }
  angular {
    z: 0.50000000000125056
  }
}

header {
  stamp {
    sec: 91
    nsec: 700000000
  }
  data {
    key: "frame_id"
    value: "vehicle_blue/odom"
  }
  data {
    key: "child_frame_id"
    value: "vehicle_blue/chassis"
  }
}
pose {
  position {
    x: 0.87964910300221544
    y: 0.66001122244863974
  }
  orientation {
    z: 0.5762964955655866
    w: 0.81724069232926955
  }
}
twist {
  linear {
    x: 0.49999999999847944
  }
  angular {
    z: 0.50000000000125056
  }
}

header {
  stamp {
    sec: 91
    nsec: 750000000
  }
  data {
    key: "frame_id"
    value: "vehicle_blue/odom"
  }
  data {
    key: "child_frame_id"
    value: "vehicle_blue/chassis"
  }
}
pose {
  position {
    x: 0.88774800334116277
    y: 0.68366233789571773
  }
  orientation {
    z: 0.58646671561545638
    w: 0.80997332763197794
  }
}
twist {
  linear {
    x: 0.49999999999847944
  }
  angular {
    z: 0.50000000000125056
  }
}

header {
  stamp {
    sec: 91
    nsec: 800000000
  }
  data {
    key: "frame_id"
    value: "vehicle_blue/odom"
  }
  data {
    key: "child_frame_id"
    value: "vehicle_blue/chassis"
  }
}
pose {
  position {
    x: 0.89525315660891347
    y: 0.70750851417240335
  }
  orientation {
    z: 0.59654530143417417
    w: 0.80257940625012958
  }
}
twist {
  linear {
    x: 0.49999999999847944
  }
  angular {
    z: 0.50000000000125056
  }
}

header {
  stamp {
    sec: 91
    nsec: 850000000
  }
  data {
    key: "frame_id"
    value: "vehicle_blue/odom"
  }
  data {
    key: "child_frame_id"
    value: "vehicle_blue/chassis"
  }
}
pose {
  position {
    x: 0.90215987232897676
    y: 0.73153484819475068
  }
  orientation {
    z: 0.6065306782632105
    w: 0.79506008346889723
  }
}
twist {
  linear {
    x: 0.49999999999847944
  }
  angular {
    z: 0.50000000000125056
  }
}

header {
  stamp {
    sec: 91
    nsec: 900000000
  }
  data {
    key: "frame_id"
    value: "vehicle_blue/odom"
  }
  data {
    key: "child_frame_id"
    value: "vehicle_blue/chassis"
  }
}
pose {
  position {
    x: 0.90846383402885267
    y: 0.75572632428608666
  }
  orientation {
    z: 0.616421285907751
    w: 0.78741653416716784
  }
}
twist {
  linear {
    x: 0.49999999999847944
  }
  angular {
    z: 0.50000000000125056
  }
}

header {
  stamp {
    sec: 91
    nsec: 950000000
  }
  data {
    key: "frame_id"
    value: "vehicle_blue/odom"
  }
  data {
    key: "child_frame_id"
    value: "vehicle_blue/chassis"
  }
}
pose {
  position {
    x: 0.9141611019376803
    y: 0.78006782356132132
  }
  orientation {
    z: 0.62621557898047386
    w: 0.77964995263396886
  }
}
twist {
  linear {
    x: 0.49999999999847944
  }
  angular {
    z: 0.50000000000125056
  }
}

header {
  stamp {
    sec: 92
  }
  data {
    key: "frame_id"
    value: "vehicle_blue/odom"
  }
  data {
    key: "child_frame_id"
    value: "vehicle_blue/chassis"
  }
}
pose {
  position {
    x: 0.9192481154484714
    y: 0.80454413337575659
  }
  orientation {
    z: 0.63591202714301276
    w: 0.77176155238186372
  }
}
twist {
  linear {
    x: 0.49999999999847944
  }
  angular {
    z: 0.50000000000125056
  }
}

header {
  stamp {
    sec: 92
    nsec: 50000000
  }
  data {
    key: "frame_id"
    value: "vehicle_blue/odom"
  }
  data {
    key: "child_frame_id"
    value: "vehicle_blue/chassis"
  }
}
pose {
  position {
    x: 0.92372169534337034
    y: 0.82913995683249719
  }
  orientation {
    z: 0.6455091153450695
    w: 0.76375256595734309
  }
}
twist {
  linear {
    x: 0.49999999999847944
  }
  angular {
    z: 0.50000000000125056
  }
}

header {
  stamp {
    sec: 92
    nsec: 100000000
  }
  data {
    key: "frame_id"
    value: "vehicle_blue/odom"
  }
  data {
    key: "child_frame_id"
    value: "vehicle_blue/chassis"
  }
}
pose {
  position {
    x: 0.92757904578056494
    y: 0.85383992234251116
  }
  orientation {
    z: 0.655005344061138
    w: 0.75562424474824141
  }
}
twist {
  linear {
    x: 0.49999999999847944
  }
  angular {
    z: 0.50000000000125056
  }
}

header {
  stamp {
    sec: 92
    nsec: 150000000
  }
  data {
    key: "frame_id"
    value: "vehicle_blue/odom"
  }
  data {
    key: "child_frame_id"
    value: "vehicle_blue/chassis"
  }
}
pose {
  position {
    x: 0.930817756041594
    y: 0.8786285932313731
  }
  orientation {
    z: 0.66439922952480113
    w: 0.74737785878821072
  }
}
twist {
  linear {
    x: 0.49999999999847944
  }
  angular {
    z: 0.50000000000125056
  }
}

header {
  stamp {
    sec: 92
    nsec: 200000000
  }
  data {
    key: "frame_id"
    value: "vehicle_blue/odom"
  }
  data {
    key: "child_frame_id"
    value: "vehicle_blue/chassis"
  }
}
pose {
  position {
    x: 0.93343580203796772
    y: 0.903490477386684
  }
  orientation {
    z: 0.67368930396056714
    w: 0.73901469655828
  }
}
twist {
  linear {
    x: 0.49999999999847944
  }
  angular {
    z: 0.50000000000125056
  }
}

header {
  stamp {
    sec: 92
    nsec: 250000000
  }
  data {
    key: "frame_id"
    value: "vehicle_blue/odom"
  }
  data {
    key: "child_frame_id"
    value: "vehicle_blue/chassis"
  }
}
pose {
  position {
    x: 0.935431547576162
    y: 0.92841003694013469
  }
  orientation {
    z: 0.682874115813206
    w: 0.73053606478553279
  }
}
twist {
  linear {
    x: 0.49999999999847944
  }
  angular {
    z: 0.50000000000125056
  }
}

header {
  stamp {
    sec: 92
    nsec: 300000000
  }
  data {
    key: "frame_id"
    value: "vehicle_blue/odom"
  }
  data {
    key: "child_frame_id"
    value: "vehicle_blue/chassis"
  }
}
pose {
  position {
    x: 0.93680374538017752
    y: 0.95337169797817167
  }
  orientation {
    z: 0.69195222997455219
    w: 0.721943288238934
  }
}
twist {
  linear {
    x: 0.49999999999847944
  }
  angular {
    z: 0.50000000000125056
  }
}

header {
  stamp {
    sec: 92
    nsec: 350000000
  }
  data {
    key: "frame_id"
    value: "vehicle_blue/odom"
  }
  data {
    key: "child_frame_id"
    value: "vehicle_blue/chassis"
  }
}
pose {
  position {
    x: 0.93755153787105427
    y: 0.97835986027518329
  }
  orientation {
    z: 0.7009222280077374
    w: 0.71323770952233689
  }
}
twist {
  linear {
    x: 0.49999999999847944
  }
  angular {
    z: 0.50000000000125056
  }
}

header {
  stamp {
    sec: 92
    nsec: 400000000
  }
  data {
    key: "frame_id"
    value: "vehicle_blue/odom"
  }
  data {
    key: "child_frame_id"
    value: "vehicle_blue/chassis"
  }
}
pose {
  position {
    x: 0.93767445770282809
    y: 1.003358907043133
  }
  orientation {
    z: 0.70978270836881829
    w: 0.70442068886470466
  }
}
twist {
  linear {
    x: 0.49999999999847944
  }
  angular {
    z: 0.50000000000125056
  }
}

header {
  stamp {
    sec: 92
    nsec: 450000000
  }
  data {
    key: "frame_id"
    value: "vehicle_blue/odom"
  }
  data {
    key: "child_frame_id"
    value: "vehicle_blue/chassis"
  }
}
pose {
  position {
    x: 0.93717242805460355
    y: 1.0283532146915459
  }
  orientation {
    z: 0.71853228662576518
    w: 0.69549360390757686
  }
}
twist {
  linear {
    x: 0.49999999999847944
  }
  angular {
    z: 0.50000000000125056
  }
}

header {
  stamp {
    sec: 92
    nsec: 500000000
  }
  data {
    key: "frame_id"
    value: "vehicle_blue/odom"
  }
  data {
    key: "child_frame_id"
    value: "vehicle_blue/chassis"
  }
}
pose {
  position {
    x: 0.93604576267857087
    y: 1.0533271625917413
  }
  orientation {
    z: 0.72716959567477613
    w: 0.68645784948981581
  }
}
twist {
  linear {
    x: 0.49999999999847944
  }
  angular {
    z: 0.50000000000125056
  }
}

header {
  stamp {
    sec: 92
    nsec: 550000000
  }
  data {
    key: "frame_id"
    value: "vehicle_blue/odom"
  }
  data {
    key: "child_frame_id"
    value: "vehicle_blue/chassis"
  }
}
pose {
  position {
    x: 0.93429516570391413
    y: 1.0782651428392171
  }
  orientation {
    z: 0.735693285953885
    w: 0.67731483742966625
  }
}
twist {
  linear {
    x: 0.49999999999847944
  }
  angular {
    z: 0.50000000000125056
  }
}

header {
  stamp {
    sec: 92
    nsec: 600000000
  }
  data {
    key: "frame_id"
    value: "vehicle_blue/odom"
  }
  data {
    key: "child_frame_id"
    value: "vehicle_blue/chassis"
  }
}
pose {
  position {
    x: 0.93192173119675936
    y: 1.1031515700080867
  }
  orientation {
    z: 0.744102025653827
    w: 0.6680659963041613
  }
}
twist {
  linear {
    x: 0.49999999999847944
  }
  angular {
    z: 0.50000000000125056
  }
}

header {
  stamp {
    sec: 92
    nsec: 650000000
  }
  data {
    key: "frame_id"
    value: "vehicle_blue/odom"
  }
  data {
    key: "child_frame_id"
    value: "vehicle_blue/chassis"
  }
}
pose {
  position {
    x: 0.9289269424764135
    y: 1.1279708908914572
  }
  orientation {
    z: 0.75239450092613136
    w: 0.65871277122590977
  }
}
twist {
  linear {
    x: 0.49999999999847944
  }
  angular {
    z: 0.50000000000125056
  }
}

header {
  stamp {
    sec: 92
    nsec: 700000000
  }
  data {
    key: "frame_id"
    value: "vehicle_blue/odom"
  }
  data {
    key: "child_frame_id"
    value: "vehicle_blue/chassis"
  }
}
pose {
  position {
    x: 0.925312671188343
    y: 1.15270759422168
  }
  orientation {
    z: 0.76056941608840811
    w: 0.64925662361730119
  }
}
twist {
  linear {
    x: 0.49999999999847944
  }
  angular {
    z: 0.50000000000125056
  }
}

header {
  stamp {
    sec: 92
    nsec: 750000000
  }
  data {
    key: "frame_id"
    value: "vehicle_blue/odom"
  }
  data {
    key: "child_frame_id"
    value: "vehicle_blue/chassis"
  }
}
pose {
  position {
    x: 0.921081176134454
    y: 1.1773462203643879
  }
  orientation {
    z: 0.76862549382679479
    w: 0.63969903098216108
  }
}
twist {
  linear {
    x: 0.49999999999847944
  }
  angular {
    z: 0.50000000000125056
  }
}

header {
  stamp {
    sec: 92
    nsec: 800000000
  }
  data {
    key: "frame_id"
    value: "vehicle_blue/odom"
  }
  data {
    key: "child_frame_id"
    value: "vehicle_blue/chassis"
  }
}
pose {
  position {
    x: 0.91623510186141177
    y: 1.2018713709802638
  }
  orientation {
    z: 0.77656147539553477
    w: 0.63004148667489368
  }
}
twist {
  linear {
    x: 0.49999999999847944
  }
  angular {
    z: 0.50000000000125056
  }
}

header {
  stamp {
    sec: 92
    nsec: 850000000
  }
  data {
    key: "frame_id"
    value: "vehicle_blue/odom"
  }
  data {
    key: "child_frame_id"
    value: "vehicle_blue/chassis"
  }
}
pose {
  position {
    x: 0.91077747700789369
    y: 1.2262677186485003
  }
  orientation {
    z: 0.78437612081365371
    w: 0.62028549966714885
  }
}
twist {
  linear {
    x: 0.49999999999847944
  }
  angular {
    z: 0.50000000000125056
  }
}

header {
  stamp {
    sec: 92
    nsec: 900000000
  }
  data {
    key: "frame_id"
    value: "vehicle_blue/odom"
  }
  data {
    key: "child_frame_id"
    value: "vehicle_blue/chassis"
  }
}
pose {
  position {
    x: 0.9047117124117775
    y: 1.25052001644594
  }
  orientation {
    z: 0.7920682090587039
    w: 0.610432594312048
  }
}
twist {
  linear {
    x: 0.49999999999847944
  }
  angular {
    z: 0.50000000000125056
  }
}

header {
  stamp {
    sec: 92
    nsec: 950000000
  }
  data {
    key: "frame_id"
    value: "vehicle_blue/odom"
  }
  data {
    key: "child_frame_id"
    value: "vehicle_blue/chassis"
  }
}
pose {
  position {
    x: 0.89804159897848712
    y: 1.2746131074759066
  }
  orientation {
    z: 0.79963653825754644
    w: 0.60048431010600722
  }
}
twist {
  linear {
    x: 0.49999999999847944
  }
  angular {
    z: 0.50000000000125056
  }
}

header {
  stamp {
    sec: 93
  }
  data {
    key: "frame_id"
    value: "vehicle_blue/odom"
  }
  data {
    key: "child_frame_id"
    value: "vehicle_blue/chassis"
  }
}
pose {
  position {
    x: 0.8907713053117976
    y: 1.2985319343407691
  }
  orientation {
    z: 0.8070799258741419
    w: 0.59044220144819393
  }
}
twist {
  linear {
    x: 0.49999999999847944
  }
  angular {
    z: 0.50000000000125056
  }
}

header {
  stamp {
    sec: 93
    nsec: 50000000
  }
  data {
    key: "frame_id"
    value: "vehicle_blue/odom"
  }
  data {
    key: "child_frame_id"
    value: "vehicle_blue/chassis"
  }
}
pose {
  position {
    x: 0.88290537510859091
    y: 1.3222615485523301
  }
  orientation {
    z: 0.81439720889431866
    w: 0.58030783739765546
  }
}
twist {
  linear {
    x: 0.49999999999847944
  }
  angular {
    z: 0.50000000000125056
  }
}

header {
  stamp {
    sec: 93
    nsec: 100000000
  }
  data {
    key: "frame_id"
    value: "vehicle_blue/odom"
  }
  data {
    key: "child_frame_id"
    value: "vehicle_blue/chassis"
  }
}
pose {
  position {
    x: 0.87444872431919862
    y: 1.3457871198741376
  }
  orientation {
    z: 0.82158724400749161
    w: 0.57008280142815615
  }
}
twist {
  linear {
    x: 0.49999999999847944
  }
  angular {
    z: 0.50000000000125056
  }
}

header {
  stamp {
    sec: 93
    nsec: 150000000
  }
  data {
    key: "frame_id"
    value: "vehicle_blue/odom"
  }
  data {
    key: "child_frame_id"
    value: "vehicle_blue/chassis"
  }
}
pose {
  position {
    x: 0.86540663807508744
    y: 1.3690939455899069
  }
  orientation {
    z: 0.82864890778530254
    w: 0.55976869118076367
  }
}
twist {
  linear {
    x: 0.49999999999847944
  }
  angular {
    z: 0.50000000000125056
  }
}

header {
  stamp {
    sec: 93
    nsec: 200000000
  }
  data {
    key: "frame_id"
    value: "vehicle_blue/odom"
  }
  data {
    key: "child_frame_id"
    value: "vehicle_blue/chassis"
  }
}
pose {
  position {
    x: 0.85578476738582687
    y: 1.3921674596922355
  }
  orientation {
    z: 0.83558109685715309
    w: 0.54936711821422013
  }
}
twist {
  linear {
    x: 0.49999999999847944
  }
  angular {
    z: 0.50000000000125056
  }
}

header {
  stamp {
    sec: 93
    nsec: 250000000
  }
  data {
    key: "frame_id"
    value: "vehicle_blue/odom"
  }
  data {
    key: "child_frame_id"
    value: "vehicle_blue/chassis"
  }
}
pose {
  position {
    x: 0.84558912560739341
    y: 1.4149932419858844
  }
  orientation {
    z: 0.84238272808260428
    w: 0.53887970775313965
  }
}
twist {
  linear {
    x: 0.49999999999847944
  }
  angular {
    z: 0.50000000000125056
  }
}

header {
  stamp {
    sec: 93
    nsec: 300000000
  }
  data {
    key: "frame_id"
    value: "vehicle_blue/odom"
  }
  data {
    key: "child_frame_id"
    value: "vehicle_blue/chassis"
  }
}
pose {
  position {
    x: 0.8348260846840152
    y: 1.4375570270999316
  }
  orientation {
    z: 0.849052738720615
    w: 0.52830809843407
  }
}
twist {
  linear {
    x: 0.49999999999847944
  }
  angular {
    z: 0.50000000000125056
  }
}

header {
  stamp {
    sec: 93
    nsec: 350000000
  }
  data {
    key: "frame_id"
    value: "vehicle_blue/odom"
  }
  data {
    key: "child_frame_id"
    value: "vehicle_blue/chassis"
  }
}
pose {
  position {
    x: 0.82350237116591807
    y: 1.4598447134031625
  }
  orientation {
    z: 0.85559008659559321
    w: 0.5176539420494598
  }
}
twist {
  linear {
    x: 0.49999999999847944
  }
  angular {
    z: 0.50000000000125056
  }
}

header {
  stamp {
    sec: 93
    nsec: 400000000
  }
  data {
    key: "frame_id"
    value: "vehicle_blue/odom"
  }
  data {
    key: "child_frame_id"
    value: "vehicle_blue/chassis"
  }
}
pose {
  position {
    x: 0.81162506200544782
    y: 1.4818423718171352
  }
  orientation {
    z: 0.8619937502602335
    w: 0.506918903289568
  }
}
twist {
  linear {
    x: 0.49999999999847944
  }
  angular {
    z: 0.50000000000125056
  }
}

header {
  stamp {
    sec: 93
    nsec: 450000000
  }
  data {
    key: "frame_id"
    value: "vehicle_blue/odom"
  }
  data {
    key: "child_frame_id"
    value: "vehicle_blue/chassis"
  }
}
pose {
  position {
    x: 0.79920158013420572
    y: 1.5035362545213937
  }
  orientation {
    z: 0.8682627291551166
    w: 0.49610465948236049
  }
}
twist {
  linear {
    x: 0.49999999999847944
  }
  angular {
    z: 0.50000000000125056
  }
}

header {
  stamp {
    sec: 93
    nsec: 500000000
  }
  data {
    key: "frame_id"
    value: "vehicle_blue/odom"
  }
  data {
    key: "child_frame_id"
    value: "vehicle_blue/chassis"
  }
}
pose {
  position {
    x: 0.7862396898239612
    y: 1.5249128035454149
  }
  orientation {
    z: 0.87439604376504421
    w: 0.48521290033143072
  }
}
twist {
  linear {
    x: 0.49999999999847944
  }
  angular {
    z: 0.50000000000125056
  }
}

header {
  stamp {
    sec: 93
    nsec: 550000000
  }
  data {
    key: "frame_id"
    value: "vehicle_blue/odom"
  }
  data {
    key: "child_frame_id"
    value: "vehicle_blue/chassis"
  }
}
pose {
  position {
    x: 0.77274749183422986
    y: 1.5459586592418961
  }
  orientation {
    z: 0.880392735772087
    w: 0.4742453276519869
  }
}
twist {
  linear {
    x: 0.49999999999847944
  }
  angular {
    z: 0.50000000000125056
  }
}

header {
  stamp {
    sec: 93
    nsec: 600000000
  }
  data {
    key: "frame_id"
    value: "vehicle_blue/odom"
  }
  data {
    key: "child_frame_id"
    value: "vehicle_blue/chassis"
  }
}
pose {
  position {
    x: 0.75873341834956387
    y: 1.5666606686360982
  }
  orientation {
    z: 0.88625186820531887
    w: 0.46320365510494654
  }
}
twist {
  linear {
    x: 0.49999999999847944
  }
  angular {
    z: 0.50000000000125056
  }
}

header {
  stamp {
    sec: 93
    nsec: 650000000
  }
  data {
    key: "frame_id"
    value: "vehicle_blue/odom"
  }
  data {
    key: "child_frame_id"
    value: "vehicle_blue/chassis"
  }
}
pose {
  position {
    x: 0.74420622770971645
    y: 1.5870058936460283
  }
  orientation {
    z: 0.89197252558721751
    w: 0.45208960792918096
  }
}
twist {
  linear {
    x: 0.49999999999847944
  }
  angular {
    z: 0.50000000000125056
  }
}

header {
  stamp {
    sec: 93
    nsec: 700000000
  }
  data {
    key: "frame_id"
    value: "vehicle_blue/odom"
  }
  data {
    key: "child_frame_id"
    value: "vehicle_blue/chassis"
  }
}
pose {
  position {
    x: 0.72917499893595361
    y: 1.6069816191683219
  }
  orientation {
    z: 0.89755381407670587
    w: 0.44090492267195008
  }
}
twist {
  linear {
    x: 0.49999999999847944
  }
  angular {
    z: 0.50000000000125056
  }
}

header {
  stamp {
    sec: 93
    nsec: 750000000
  }
  data {
    key: "frame_id"
    value: "vehicle_blue/odom"
  }
  data {
    key: "child_frame_id"
    value: "vehicle_blue/chassis"
  }
}
pose {
  position {
    x: 0.71364912605697384
    y: 1.6265753610247646
  }
  orientation {
    z: 0.90299486160881226
    w: 0.4296513469175699
  }
}
twist {
  linear {
    x: 0.49999999999847944
  }
  angular {
    z: 0.50000000000125056
  }
}

header {
  stamp {
    sec: 93
    nsec: 800000000
  }
  data {
    key: "frame_id"
    value: "vehicle_blue/odom"
  }
  data {
    key: "child_frame_id"
    value: "vehicle_blue/chassis"
  }
}
pose {
  position {
    x: 0.69763831223793715
    y: 1.6457748737645028
  }
  orientation {
    z: 0.90829481803092982
    w: 0.41833063901435691
  }
}
twist {
  linear {
    x: 0.49999999999847944
  }
  angular {
    z: 0.50000000000125056
  }
}

header {
  stamp {
    sec: 93
    nsec: 850000000
  }
  data {
    key: "frame_id"
    value: "vehicle_blue/odom"
  }
  data {
    key: "child_frame_id"
    value: "vehicle_blue/chassis"
  }
}
pose {
  position {
    x: 0.68115256371630506
    y: 1.6645681583170424
  }
  orientation {
    z: 0.91345285523565012
    w: 0.40694456779988897
  }
}
twist {
  linear {
    x: 0.49999999999847944
  }
  angular {
    z: 0.50000000000125056
  }
}

header {
  stamp {
    sec: 93
    nsec: 900000000
  }
  data {
    key: "frame_id"
    value: "vehicle_blue/odom"
  }
  data {
    key: "child_frame_id"
    value: "vehicle_blue/chassis"
  }
}
pose {
  position {
    x: 0.66420218354826932
    y: 1.6829434694912857
  }
  orientation {
    z: 0.918468167290154
    w: 0.39549491232462852
  }
}
twist {
  linear {
    x: 0.49999999999847944
  }
  angular {
    z: 0.50000000000125056
  }
}

header {
  stamp {
    sec: 93
    nsec: 950000000
  }
  data {
    key: "frame_id"
    value: "vehicle_blue/odom"
  }
  data {
    key: "child_frame_id"
    value: "vehicle_blue/chassis"
  }
}
pose {
  position {
    x: 0.64679776516967868
    y: 1.7008893233158919
  }
  orientation {
    z: 0.92333997056213668
    w: 0.3839834615739493
  }
}
twist {
  linear {
    x: 0.49999999999847944
  }
  angular {
    z: 0.50000000000125056
  }
}

header {
  stamp {
    sec: 94
  }
  data {
    key: "frame_id"
    value: "vehicle_blue/odom"
  }
  data {
    key: "child_frame_id"
    value: "vehicle_blue/chassis"
  }
}
pose {
  position {
    x: 0.62895018577547857
    y: 1.7183945042163846
  }
  orientation {
    z: 0.92806750384224845
    w: 0.37241201418861114
  }
}
twist {
  linear {
    x: 0.49999999999847944
  }
  angular {
    z: 0.50000000000125056
  }
}

